sku,descripcion,unidades_bulto,bultos_pallet,lista,precio_base_bulto,p_final_bulto,final_actual_bulto,final_actual_unidad,evidencia
544,CHAPADUR (SUR),1,200,5,6615.65,8004.937,8203.407,8203.407,Regla extrapolada
591,MIRINDA MANZANA * X8 PET2250,8,60,5,14738.66,18606.279,19048.439,2381.054875,SKU de muestra
627,MIRINDA NARANJA * X8 PET2250,8,60,5,14738.66,18606.279,19048.439,2381.054875,Regla extrapolada
1321,PALETA NO CHEP,1,1,5,29950.72,36240.371,37138.893,37138.893,Regla extrapolada
1413,GATORADE NARANJA * X6 PET 500,6,315,5,10154.15,12286.522,12591.147,2098.5245,Regla extrapolada
1416,GATORADE MANZANA * X6 PET 500,6,315,5,10154.15,12286.522,12591.147,2098.5245,SKU de muestra
1418,GATORADE COOLBLU * X6 PET 500,6,315,5,10154.15,12286.522,12591.147,2098.5245,Regla extrapolada
1422,GATORADE UVA * X6 PET 500,6,315,5,10154.15,12286.522,12591.147,2098.5245,Regla extrapolada
1659,H2OH CITRUS  X8 PET2250,8,60,5,22063.34,26696.641,27358.541,3419.817625,Regla extrapolada
1808,FRAPERA ANDES REFERENTE,1,1,0,0,0,,,Regla extrapolada
2152,BOT 1/2 ECO 20,20,70,0,0,0,,,Regla extrapolada
2153,Q ECO X 20,1,70,0,0,0,,,Regla extrapolada
2218,QUILMES - 4X6 LAT 473,24,100,5,35556.58,47339.222,48405.919,2016.9132916666667,SKU de muestra
2428,ECO ANDES AGUAC/G * X6 PET1500#,6,140,5,9464.9,11718.059,12002.006,2000.3343333333332,Regla extrapolada
2439,ECO ANDES AGUAS/G * X6 PET1500#,6,140,5,9287.73,11497.343,11775.975,1962.6625000000001,Regla extrapolada
2704,BOT 2/3 AMBAR12,12,70,5,1751.8,2339.058,2391.612,199.30100000000002,Regla extrapolada
2705,BOTSA 975VX12,12,50,5,11446.65,15283.917,15627.317,1302.2764166666666,Regla extrapolada
2706,Q  SA 985VX01QS,1,50,5,22915.99,27728.348,28415.828,28415.828,Regla extrapolada
2730,Q PLAS 1/3,1,70,5,13072.53,15817.761,16209.937,16209.937,Regla extrapolada
2731,Q CERVEZAS 1/1,1,50,5,22915.99,27728.348,28415.828,28415.828,Regla extrapolada
2732,Q 2/3 12,1,70,5,5554.98,6721.526,6888.175,6888.175,Regla extrapolada
2739,PALETA QUILMES RETORNABLE,1,1,5,29950.72,36240.371,37138.893,37138.893,Regla extrapolada
2754,ENV BARR 20L,1,18,5,185900,248219.4,253796.4,253796.4,Regla extrapolada
2755,ENV BARR 50L VACIO,1,12,5,185900,248219.4,253796.4,253796.4,Regla extrapolada
2756,ENV BARR 30L VACIO,1,24,5,185900,248219.4,253796.4,253796.4,Regla extrapolada
2761,PALETA ARLOG,1,1,5,29950.72,36240.371,37138.893,37138.893,Regla extrapolada
2773,ENV TUBO 10KG,1,25,5,572000,692120,709280,709280,Regla extrapolada
2776,BOT 1/1 ARACELI 1000CC X12,12,50,5,11446.65,15283.917,15627.317,1302.2764166666666,Regla extrapolada
2777,PALETA CHEP - PERIMETRAL,1,1,5,42010.8,50833.068,52093.392,52093.392,Regla extrapolada
2787,HELADERA PATAGONIA SLIM B/C,1,1,0,0,0,,,Regla extrapolada
2788,HELADERA PATAGONIA SLIM USADA B/C,1,1,0,0,0,,,Regla extrapolada
2797,CARAMAÑOLA GATORADE,1,1,5,3282.74,3972.115,4070.597,4070.597,Regla extrapolada
3125,MESA ECO DE LOS ANDES,1,1,0,0,0,,,Regla extrapolada
3126,SILLA  AGUA MINERAL ECO,1,1,0,0,0,,,Regla extrapolada
3177,SOMBRILLA ECO DE LOS ANDES,1,144,0,0,0,,,Regla extrapolada
3181,HELADERA ECO VERTICAL GRANDE,1,2,0,0,0,,,Regla extrapolada
3249,MESA QUILMES 1 MT,1,1,0,0,0,,,Regla extrapolada
3295,HELADERA QUILM VT GDE PUERTA S/DECORAR,1,2,0,0,0,,,Regla extrapolada
3298,CARTEL DE NEON QUILMES,1,1,0,0,0,,,Regla extrapolada
3474,HELADERA QUILMES DOBLE PUERTA,1,1,0,0,0,,,Regla extrapolada
3531,MESA QUILMES MAXIKIOSCO,1,1,0,0,0,,,Regla extrapolada
3541,FREEZER QUILMES USADO,1,1,0,0,0,,,Regla extrapolada
3544,SILLA QUILMES USADA,1,1,0,0,0,,,Regla extrapolada
3545,MESA USADA QUILMES,1,1,0,0,0,,,Regla extrapolada
3550,SILLA ECO USADA,1,32,0,0,0,,,Regla extrapolada
3552,SOMBRILLA ECO USADA,1,144,0,0,0,,,Regla extrapolada
3559,SILLA IGUANA USADA,1,1,0,0,0,,,Regla extrapolada
3560,MESA IGUANA USADA,1,1,0,0,0,,,Regla extrapolada
3562,HEL QUILM VT GDE PUERTA S/DECORAR USADA,1,2,0,0,0,,,Regla extrapolada
3563,HELADERA ECO VERT MEDIANA USADA,1,1,0,0,0,,,Regla extrapolada
3587,HELADERA QUILMES VERT MEDIANA USADA,1,2,0,0,0,,,Regla extrapolada
3597,HELADERA QUILMES DOBLE PUERTA USADA,1,1,0,0,0,,,Regla extrapolada
3627,SILLA BRAHMA REGULAR,1,32,0,0,0,,,Regla extrapolada
3629,SOMBRILLA BRAHMA REGULAR,1,144,0,0,0,,,Regla extrapolada
3691,SILLA QUILMES TOP,1,32,0,0,0,,,Regla extrapolada
3695,SOMBRILLA QUILMES TOP,1,1,0,0,0,,,Regla extrapolada
3772,HELADERA 7UP DOBLE PUERTA USADA,1,1,0,0,0,,,Regla extrapolada
3784,SILLA BRAHMA USADA,1,32,0,0,0,,,Regla extrapolada
3794,SILLA PEPSI REGULAR,1,32,0,0,0,,,Regla extrapolada
3796,SOMBRILLA PEPSI REGULAR,1,144,0,0,0,,,Regla extrapolada
3801,SILLA 7UP REGULAR,1,32,0,0,0,,,Regla extrapolada
3802,MESA 7UP REGULAR,1,36,0,0,0,,,Regla extrapolada
3805,MESA BRAHMA TOP,1,36,0,0,0,,,Regla extrapolada
3806,SOMBRILLA BRAHMA TOP,1,1,0,0,0,,,Regla extrapolada
3814,MESA PEPSI REGULAR,1,36,0,0,0,,,Regla extrapolada
3859,SOMBRILLA 7UP REGULAR,1,1,0,0,0,,,Regla extrapolada
3872,HELADERA PEPSI DOBLE PUERTA,1,1,0,0,0,,,Regla extrapolada
3875,MESA PEPSI TOP,1,36,0,0,0,,,Regla extrapolada
3877,SOMBRILLA PEPSI TOP,1,1,0,0,0,,,Regla extrapolada
3949,SILLA ANDES  TOP,1,32,0,0,0,,,Regla extrapolada
3955,SOMBRILLA IGUANA 1.80 MTS,1,1,0,0,0,,,Regla extrapolada
3961,MESA QUILMES TOP,1,36,0,0,0,,,Regla extrapolada
3968,MESA QUILMES AZUL METALIZADA TOP USADA,1,1,0,0,0,,,Regla extrapolada
3972,MESA MADERA STELLA ARTOIS USADA,1,36,0,0,0,,,Regla extrapolada
3974,SILLA STELLA ARTOIS TOP,1,32,0,0,0,,,Regla extrapolada
3975,MESA STELLA ARTOIS TOP,1,36,0,0,0,,,Regla extrapolada
3976,SOMBRILLON STELLA ARTOIS 2M+BASE,1,1,0,0,0,,,Regla extrapolada
3992,COPA STELLA ARTOIS 250 CM3,1,1,0,0,0,,,Regla extrapolada
4056,HELADERA GATORADE VERT MEDIANA,1,1,0,0,0,,,Regla extrapolada
4061,HELADERA PEPSI VERT MEDIANA USADA,1,2,0,0,0,,,Regla extrapolada
4062,HELADERA PEPSI VERT GRANDE USADA,1,2,0,0,0,,,Regla extrapolada
4064,HELADERA 7UP VERT MEDIANA USADA,1,2,0,0,0,,,Regla extrapolada
4065,HELADERA 7UP VERT GRANDE USADA,1,2,0,0,0,,,Regla extrapolada
4068,HELADERA PEPSI VERT GRANDE,1,1,0,0,0,,,Regla extrapolada
4071,HELADERA 7UP VERT GRANDE,1,1,0,0,0,,,Regla extrapolada
4072,HELADERA 7UP HORIZONTAL,1,1,0,0,0,,,Regla extrapolada
4074,HELADERA BRAHMA VERT GRANDE,1,1,0,0,0,,,Regla extrapolada
4089,HELADERA PEPSI DOBLE PUERTA USADA,1,1,0,0,0,,,Regla extrapolada
4091,HELADERA QUILMES SAHARA USADA,1,1,0,0,0,,,Regla extrapolada
4093,HELADERA BRAHMA SAHARA USADA,1,1,0,0,0,,,Regla extrapolada
4095,HELADERA BRAHMA VERT GRANDE USADA,1,2,0,0,0,,,Regla extrapolada
4098,HELADERA BRAHMA VERT MEDIANA USADA,1,1,0,0,0,,,Regla extrapolada
4106,HELADERA GATORADE VERT MEDIANA USADA,1,2,0,0,0,,,Regla extrapolada
4125,HELADERA QUILMES HORIZ USADA,1,2,0,0,0,,,Regla extrapolada
4142,SILLA DIRECTOR GATORADE,1,1,0,0,0,,,Regla extrapolada
4605,HELADERA QUILMES HOR. B / BARRA USADA,1,1,0,0,0,,,Regla extrapolada
4651,HELADERA VERTICAL GRANDE H2OH!,1,1,0,0,0,,,Regla extrapolada
4652,HELADERA VERTICAL GRANDE H2OH! USADA,1,1,0,0,0,,,Regla extrapolada
4749,HELADERA GLACIAR VERTICAL GRANDE,1,1,0,0,0,,,Regla extrapolada
4750,HELADERA NESTLE VERTICAL GRANDE,1,1,0,0,0,,,Regla extrapolada
4805,MESA REDONDA GATORADE,1,1,0,0,0,,,Regla extrapolada
4821,HELADERA GATORADE VERTICAL GRANDE,1,1,0,0,0,,,Regla extrapolada
4822,HELADERA GATORADE VERTICAL GRANDE USADA,1,1,0,0,0,,,Regla extrapolada
4831,MESA MADERA ECO,1,1,0,0,0,,,Regla extrapolada
5036,ENV TUBO CO2 9 KG,1,25,5,572000,692120,709280,709280,Regla extrapolada
5045,BOT 1.25VD7UP 8,8,50,5,993.45,1270.855,1300.659,162.582375,Regla extrapolada
5046,Q 1.25 X 8 VIDRIO,1,50,5,2332.59,2822.434,2892.412,2892.412,Regla extrapolada
5098,BOT MED 350X24,24,60,5,3777.83,4832.714,4946.049,206.085375,Regla extrapolada
5099,Q MED 350X24 VD,1,60,5,9701.05,11738.271,12029.303,12029.303,Regla extrapolada
5192,BOT 2L RECO X8,8,60,5,31.41,38.006,38.948,4.8685,Regla extrapolada
5193,PLACA PICO BOT RECO,1,50,5,6.37,7.708,7.899,7.899,Regla extrapolada
5538,SOMBRILLA ECO TOP,1,1,0,0,0,,,Regla extrapolada
5540,HELADERA PATAGONIA LCD B/C,1,1,0,0,0,,,Regla extrapolada
5755,HELADERA CORONA SLIM SUB CERO,1,1,0,0,0,,,Regla extrapolada
5756,HELADERA CORONA SLIM SUB CERO USADA,1,1,0,0,0,,,Regla extrapolada
5773,SILLA CORONA,1,1,0,0,0,,,Regla extrapolada
5806,EQUIPO ELEC. V-100 UBC GROUP NUEVO,1,1,0,0,0,,,Regla extrapolada
5807,EQUIPO ELEC. V-100 UBC GROUP USADO,1,1,0,0,0,,,Regla extrapolada
5848,HELADERA BRAHMA CASSETE USADA,1,1,0,0,0,,,Regla extrapolada
5851,HELADERA BRAHMA CASSETE,1,1,0,0,0,,,Regla extrapolada
7026,QUILMES - X12 1000RET,12,50,5,29647.58,38969.412,39858.839,3321.569916666667,Regla extrapolada
7030,QUILMES STOUT NEGRA X12 1000RET,12,50,5,29647.58,38969.412,39858.839,3321.569916666667,Regla extrapolada
7038,BRAHMA - X12 1000RET#,12,50,5,28275.47,37133.369,37981.633,3165.1360833333333,Regla extrapolada
7307,HELADERA CORONA CASSETE USADA,1,1,0,0,0,,,Regla extrapolada
7463,H2OH LIMONETO  X6 PET1500#,6,120,5,14291.02,17292.134,17720.865,2953.4775000000004,Regla extrapolada
7465,H2OH CITRUS  X6 PET1500#,6,120,5,14291.02,17292.134,17720.865,2953.4775000000004,Regla extrapolada
7475,PASO DLT POMELO * X6 PET1500#,6,120,5,16632.19,21190.02,21688.986,3614.831,Regla extrapolada
7476,PASO DLT TONICA * X6 PET1500#,6,120,5,16632.19,21190.02,21688.986,3614.831,Regla extrapolada
7478,MIRINDA NARANJA * X6 PET1500#,6,120,5,10543.32,13376.267,13692.567,2282.0944999999997,Regla extrapolada
7634,BRAHMA - 4X6 LAT 473,24,100,5,32789.6,43627.996,44611.684,1858.8201666666666,Regla extrapolada
7896,HELADERA MIXXTAIL SLIM,1,1,0,0,0,,,Regla extrapolada
7982,"BOT PATAGONIA RET X06 0,710L",6,140,5,4408.87,5334.749,5467.015,911.1691666666667,Regla extrapolada
8064,GLACIAR AGUAS/G * X6 PET1500#,6,140,5,9945.72,12317.071,12615.443,2102.5738333333334,Regla extrapolada
8067,H2OH LIMONETO  X8 PET2250,8,60,5,22063.34,26696.641,27358.541,3419.817625,Regla extrapolada
8101,MIRINDA NARANJA * X6 PET3000#,6,60,5,12725.31,16022.575,16404.334,2734.0556666666666,Regla extrapolada
8126,NESTLE PV AGUA ME * X12 PET 500,12,182,5,13300.04,16093.048,16492.049,1374.3374166666665,Regla extrapolada
8233,HELADERA CORONA VG,1,1,0,0,0,,,Regla extrapolada
8234,HELADERA CORONA VG USADA,1,1,0,0,0,,,Regla extrapolada
8272,VASO VIDRIO GUARANA,1,1,0,0,0,,,Regla extrapolada
10498,HELADERA GUARANA VG USADA,1,1,0,0,0,,,Regla extrapolada
10504,HELADERA GONDOLA SUBCONTRATACION,1,1,0,0,0,,,Regla extrapolada
10673,PIZARRA RITUAL CORONA,1,1,0,0,0,,,Regla extrapolada
10748,COOLER GENERICO,1,1,0,0,0,,,Regla extrapolada
10810,MIRINDA MANZANA * X6 PET3000,6,60,5,12725.31,16022.575,16404.334,2734.0556666666666,Regla extrapolada
10816,HELADERA PEPSI TRIPLE PUERTA,1,1,0,0,0,,,Regla extrapolada
10822,"""BARRIL CHOPP;10L;;""",1,48,5,185900,248219.4,253796.4,253796.4,Regla extrapolada
10914,ENVASE RET BARRIL 20L RSR,1,24,5,185900,248219.4,253796.4,253796.4,Regla extrapolada
10918,HELADERA STELLA ARTOIS CASSETTE,1,1,0,0,0,,,Regla extrapolada
10945,GÓNDOLA PAÑO NATURAL,1,1,0,0,0,,,Regla extrapolada
10969,PATAGO AMBER - X1 BAR 20L,1,18,5,107509.6,141909.056,145134.344,145134.344,Regla extrapolada
10996,PILON BRAUHAUS T COBRE 4 VIAS PATAGONIA,1,1,0,0,0,,,Regla extrapolada
10999,PILON HAVANA 4 VIAS CON LUZ,1,1,0,0,0,,,Regla extrapolada
11001,PILON AZUR BADERA DERECHA 4VIAS CON LUZ,1,1,0,0,0,,,Regla extrapolada
11002,PILON EOS T CROMADA 3 SALID.73269 CELLI,1,1,0,0,0,,,Regla extrapolada
11003,PILON CISNE STELLA ARTOIS CON CANILLA,1,1,0,0,0,,,Regla extrapolada
11004,PILON BRAUHAUS A PUENTE 4 VIAS CON LED,1,1,0,0,0,,,Regla extrapolada
11437,EQUIPO ELECT V-200 UBC GROUP US,1,1,0,0,0,,,Regla extrapolada
11522,GATORADE FRU TRO * X6 PET 500#,6,315,5,10154.15,12286.522,12591.147,2098.5245,Regla extrapolada
11534,SILLA GATORADE TOP,1,1,0,0,0,,,Regla extrapolada
11535,MESA GATORADE TOP,1,1,0,0,0,,,Regla extrapolada
11540,SOMBRILLA GATORADE TOP,1,1,0,0,0,,,Regla extrapolada
11799,FRAPERA BRAHMA 2016,1,1,0,0,0,,,Regla extrapolada
12197,HELADERA VG COMPARTIDA USADA,1,1,0,0,0,,,Regla extrapolada
12466,PILON BRAUHAUS T COBRE 3V D90 86093,1,1,0,0,0,,,Regla extrapolada
12723,PATAGONIA SLIMKEG 0 20 L IPA CON SAUCO,1,40,5,106698.36,141896.926,145097.877,145097.877,Regla extrapolada
12806,HELADERA QUILMES MOSTRADOR V2,1,1,0,0,0,,,Regla extrapolada
13028,FRAPERA CORONA DISTRIS 2017,1,1,0,0,0,,,Regla extrapolada
13071,HELADERA 7UP VERT GDE CASSETTE,1,1,0,0,0,,,Regla extrapolada
13073,HELADERA 7UP SLIM,1,1,0,0,0,,,Regla extrapolada
13167,GDC 2017 AS CENTRAL PAÑO CALIENTE,1,1,0,0,0,,,Regla extrapolada
13169,GDC 2017 AS CENTRAL PAÑO FRIO,1,1,0,0,0,,,Regla extrapolada
13198,HELADERA QUILMES SLIM CASSETTE,1,1,0,0,0,,,Regla extrapolada
13200,HELADERA QUILMES SLIM CASSETTE USADA,1,1,0,0,0,,,Regla extrapolada
13201,HELADERA BRAHMA SLIM CASSETTE,1,1,0,0,0,,,Regla extrapolada
13204,HELADERA STELLA ARTOIS SLIM CASSETTE,1,1,0,0,0,,,Regla extrapolada
13503,QUILMES STOUT CAN 4X6 473,24,100,5,35556.58,47339.222,48405.919,2016.9132916666667,Regla extrapolada
13508,SILLA BRAHMA TOP 2017,1,1,0,0,0,,,Regla extrapolada
13513,SOMBRILLA QUILMES TOP 2017,1,1,0,0,0,,,Regla extrapolada
13517,SILLA QUILMES TOP 2017,1,1,0,0,0,,,Regla extrapolada
13521,BASE SOMBRILLA TOP 2017,1,1,0,0,0,,,Regla extrapolada
13950,PEPSI PET X8 2250 BLACK,8,60,5,15250.29,19262.841,19720.35,2465.04375,Regla extrapolada
14025,SOMBRILLA CORONA 2017,1,1,0,0,0,,,Regla extrapolada
14247,HELADERA PEPSI BLACK VERT GRANDE USADA,1,1,0,0,0,,,Regla extrapolada
14248,HELADERA PEPSI BLACK SLIM USADA,1,1,0,0,0,,,Regla extrapolada
14254,HELADERA PEPSI BLACK SLIM,1,1,0,0,0,,,Regla extrapolada
14255,HELADERA PEPSI BLACK VERTICAL GRANDE,1,1,0,0,0,,,Regla extrapolada
14256,HELADERA PEPSI BLACK DOBLE PUERTA,1,1,0,0,0,,,Regla extrapolada
14300,BOLSAS BOCA DISTRIBUIDORES X 1,1,500,0,0,0,,,Regla extrapolada
14624,GATORADE COOL BLUE PET X6 750 204,6,204,5,13726.9,16609.549,17021.356,2836.8926666666666,Regla extrapolada
14625,GATORADE MANZANA PET X6 750 204,6,204,5,13726.9,16609.549,17021.356,2836.8926666666666,Regla extrapolada
14638,GATORADE FRUTAS TROP PET X6 750 204,6,204,5,13726.9,16609.549,17021.356,2836.8926666666666,Regla extrapolada
14643,MESA CORONA TOP,1,1,0,0,0,,,Regla extrapolada
14644,SILLA CORONA TOP,1,1,0,0,0,,,Regla extrapolada
14929,GDC PEPSI BLACK 2017 AS PAÑO CALIENTE,1,1,0,0,0,,,Regla extrapolada
14933,ECO DE LOS ANDES SG PET X12 500 MIX 203,12,203,5,14218.9,17663.449,18090.016,1507.5013333333334,Regla extrapolada
14934,ECO DE LOS ANDES CG PET X12 500 MIX 203,12,203,5,14809.63,18399.392,18843.681,1570.30675,Regla extrapolada
15609,HELADERA H2OH VG CASSETTE USADA,1,1,0,0,0,,,Regla extrapolada
15621,PATAGONIA IPA CAN 4X6 473 CART,24,100,5,58221.89,77739.237,79485.894,3311.91225,Regla extrapolada
15624,BRAHMA CAN 4X6 269,24,156,0,0,0,,,Regla extrapolada
16144,BOLSA DISTRIS NUEVA QUILMES X1 2017,1,500,0,0,0,,,Regla extrapolada
16225,PATAGONIA AMBER CAN 4X6 473 CART,24,100,5,58221.89,77739.237,79485.894,3311.91225,Regla extrapolada
16371,RED BULL CAN 6X4 250,24,165,5,53107.46,64260.027,65853.251,2743.8854583333336,SKU de muestra
16372,RED BULL SUGAR FREE CAN 6X4 250,24,165,5,53107.46,64260.027,65853.251,2743.8854583333336,Regla extrapolada
16384,HELADERA ANDES ORIGEN SLIM,1,1,0,0,0,,,Regla extrapolada
16385,HELADERA ANDES ORIGEN SLIM USADA,1,1,0,0,0,,,Regla extrapolada
16432,MESA BRAHMA,1,1,0,0,0,,,Regla extrapolada
16608,PIZARRAS QUILMES CLASICA,1,1,0,0,0,,,Regla extrapolada
16667,ANDES ORIGEN ROJA RET X12 1000,12,50,5,37779.4,49850.764,50984.146,4248.678833333333,Regla extrapolada
16716,BOLSO CORONA 12PACK,1,1,5,6743.8,8159.998,8362.312,8362.312,Regla extrapolada
16734,HELADERA PEPSI BLACK VG CASSETTE USADA,1,1,0,0,0,,,Regla extrapolada
16735,HELADERA BRAHMA CHECK OUT,1,1,0,0,0,,,Regla extrapolada
16746,HELADERA BRAHMA SLIM LITRO,1,1,0,0,0,,,Regla extrapolada
16748,HELADERA ANDES SLIM LITRO,1,1,0,0,0,,,Regla extrapolada
17071,KEG VACIO BUDWEISER BARRIL 50L,1,12,5,185900,248219.4,253796.4,253796.4,Regla extrapolada
17072,KEG VACIO WAG BARRIL 30L,1,24,5,185900,248219.4,253796.4,253796.4,Regla extrapolada
17073,KEG VACIO BUDWEISER BARRIL 30L,1,24,5,185900,248219.4,253796.4,253796.4,Regla extrapolada
17074,KEG VACIO WAG BARRIL 50L,1,12,5,185900,248219.4,253796.4,253796.4,Regla extrapolada
17100,BOT RET AMBAR 1L ISK,12,50,5,11446.65,15283.917,15627.317,1302.2764166666666,Regla extrapolada
17101,BOT RET VERDE GROLSCH 1L,12,50,5,11446.65,15283.917,15627.317,1302.2764166666666,Regla extrapolada
17102,ESQUELETO MARRON CASAI,1,50,5,22915.99,27728.348,28415.828,28415.828,Regla extrapolada
17272,HELADERA BUDWEISER SLIM,1,1,0,0,0,,,Regla extrapolada
17273,HELADERA BUDWEISER SLIM USADA,1,1,0,0,0,,,Regla extrapolada
17303,GDC 2018 AS PAÑO CALIENTE,1,1,0,0,0,,,Regla extrapolada
17324,GDC 2018 AS PAÑO FRIO,1,1,0,0,0,,,Regla extrapolada
17844,FRAPERA ANDES ORIGEN,1,1,5,7755.37,9383.998,9616.659,9616.659,Regla extrapolada
17932,ANDES ORIGEN ROJA CAN 4X6 473,24,100,5,46249.24,61680.83,63068.307,2627.846125,Regla extrapolada
17933,ANDES ORIGEN NEGRA CAN 4X6 473,24,100,5,46249.24,61680.83,63068.307,2627.846125,Regla extrapolada
18166,HELADERA RED BULL BABY COOLER 2020 USADA,1,1,0,0,0,,,Regla extrapolada
18354,PATAGONIA IPA OW X6 730,6,140,5,21430.63,28493.062,29135.981,4855.996833333334,Regla extrapolada
18355,PATAGONIA AMBER OW X6 730,6,140,5,21430.63,28493.062,29135.981,4855.996833333334,Regla extrapolada
18687,HELADERA QUILMES VG R290,1,1,0,0,0,,,Regla extrapolada
18690,HELADERA QUILMES SLIM R290,1,1,0,0,0,,,Regla extrapolada
18694,NPV SG PET X12 500 PR 0.5L S/G,12,203,5,13300.04,16093.048,16492.049,1374.3374166666665,Regla extrapolada
18740,"ENVASE BOT 1,25 RECO X 8",8,1,5,31.41,38.006,38.948,4.8685,Regla extrapolada
18743,NPV SG PET X6 1500 PR 1.5L S/G,6,140,5,7805.7,9444.897,9679.068,1613.1779999999999,Regla extrapolada
18744,NPV SG PET X6 2250 PR 2.25L S/G,6,100,5,10185.34,12324.261,12629.821,2104.9701666666665,Regla extrapolada
19019,BUD RET X12 1000 CMQ,12,50,5,29647.58,38969.412,39858.839,3321.569916666667,Regla extrapolada
19026,BUD CAN 4X6 473 CMQ,24,100,5,35525.45,47297.475,48363.239,2015.1349583333333,Regla extrapolada
19208,HELADERA BUDWEISER VG CASSETTE,1,1,0,0,0,,,Regla extrapolada
19213,HELADERA BUDWEISER SLIM CASSETTE,1,1,0,0,0,,,Regla extrapolada
19217,GDC 2019 AS PAÑO FRIO,1,1,0,0,0,,,Regla extrapolada
19219,GDC 2019 AS PAÑO CALIENTE,1,1,0,0,0,,,Regla extrapolada
19233,GDC PEPSI BLACK 2019 AS PAÑO FRIO,1,1,0,0,0,,,Regla extrapolada
19234,GDC PEPSI BLACK 2019 AS PAÑO CALIENTE,1,1,0,0,0,,,Regla extrapolada
19253,ANDES ORIGEN IPA RET X12 1000,12,50,5,37779.4,49850.764,50984.146,4248.678833333333,SKU de muestra
19254,ANDES ORIGEN IPA CAN 4X6 473,24,100,5,46249.24,61680.83,63068.307,2627.846125,Regla extrapolada
19447,CAJA 6 COPAS STELLA ARTOIS 330 CM3 - VEN,1,1,0,0,0,,,Regla extrapolada
19716,HELADERA BRAHMA SLIM R290,1,1,0,0,0,,,Regla extrapolada
19753,SOMBRILLON BUDWEISER,1,1,0,0,0,,,Regla extrapolada
19763,GDC PEPSI BLACK 2019 AS PAÑO FRIO GA,1,1,0,0,0,,,Regla extrapolada
20378,HELADERA BRAHMA DOBLE PUERTA PUNTERA,1,1,0,0,0,,,Regla extrapolada
20433,CORONA OW X12 710,12,84,5,43721.71,58223.849,59535.5,4961.291666666667,Regla extrapolada
20808,PATAGONIA VERA IPA CAN 4X6 CART,24,100,5,58221.89,77739.237,79485.894,3311.91225,Regla extrapolada
20987,PATAGONIA VERA IPA EURO KEG 20L,1,18,5,107509.6,141909.056,145134.344,145134.344,Regla extrapolada
21014,ECO DE LOS ANDES SG PET X6 2000 PR 115 P,6,115,5,11228.15,13898.782,14235.627,2372.6045,Regla extrapolada
21062,HELADERA STELLA ARTOIS SLIM,1,1,0,0,0,,,Regla extrapolada
21276,HELADERA SLIM 3 BAND MET QUILMES,1,1,0,0,0,,,Regla extrapolada
21283,HELADERA SLIM 3 BAND MET PEPSI BLACK,1,1,0,0,0,,,Regla extrapolada
21287,HELADERA SLIM 3 BAND MET BRAHMA,1,1,0,0,0,,,Regla extrapolada
21747,HELADERA BABY VISU GLACIAR PLUS 2019,1,1,0,0,0,,,Regla extrapolada
22051,PIZARRA STELLA,1,1,0,0,0,,,Regla extrapolada
22086,VASO PATAGONIA RIESGEE 0.3 L HE 2020,1,1,0,0,0,,,Regla extrapolada
22089,VASO PATAGONIA RIESGEE 0.5 L HE 2020,1,1,0,0,0,,,Regla extrapolada
22185,GLACIAR SG PET X6 750 222 PC,6,222,5,7887.72,9780.311,10016.943,1669.4904999999999,SKU de muestra
22201,VG CASSETTE COMPARTIDA,1,1,0,0,0,,,Regla extrapolada
22242,HELADERA VG CASSETTE BLANCA USADA,1,1,0,0,0,,,Regla extrapolada
22256,RED BULL REGULAR CAN 6X4 355CC,24,117,5,71642.97,86687.994,88837.283,3701.5534583333333,Regla extrapolada
22318,ECO DE LOS ANDES SG PET X6 1000 - 192 PC,6,192,5,10409.41,12914.636,13226.918,2204.4863333333333,Regla extrapolada
22320,NOVECENTO EXTRA DULCE OW X6 750CC,6,110,5,28280.88,34219.865,35068.291,5844.715166666666,Regla extrapolada
22329,NOVECENTO MALBEC OW X6 750CC,6,150,5,20634.29,24967.491,25586.52,4264.42,Regla extrapolada
22460,GRAN DANTE BONARDA OW X6 750CC,6,70,5,195247.93,236249.995,242107.433,40351.23883333333,Regla extrapolada
22461,GRAN DANTE MALBEC OW X6 750CC,6,70,5,195247.93,236249.995,242107.433,40351.23883333333,Regla extrapolada
22601,GROWLER 2020 HE,1,0,0,0,0,,,Regla extrapolada
22619,MIRINDA POMELO PET X8 2250CC,8,60,5,14738.66,18606.279,19048.439,2381.054875,Regla extrapolada
22962,JENGA BRAHMA ROJO,1,220,5,0.01,0.012,0.012,0.012,Regla extrapolada
23866,DELANTAL STELLA ARTOIS,1,1,5,0,0,,,Regla extrapolada
23878,BOLSO BUDWEISER,1,1,5,18882.64,22847.994,23414.473,23414.473,Regla extrapolada
23919,SOMBRILLA CORONA DISTRI,1,1,0,0,0,,,Regla extrapolada
23920,SOMBRILLA ANDES ORIGEN DISTRI,1,1,0,0,0,,,Regla extrapolada
24116,PDTOROS PET POM SIN AZUCARES X6 1500CC,6,120,5,16632.19,21190.02,21688.986,3614.831,Regla extrapolada
24118,ROCKSTAR OW BOT X6 500CC,6,336,5,7743.62,10003.32,10235.629,1705.9381666666668,Regla extrapolada
24167,PDTOROS POM SA RET BOT PET X8 2000CC,8,60,5,20716.09,26277.019,26898.502,3362.31275,Regla extrapolada
24248,STELLA ARTOIS OW X6 710CC,6,140,5,19474.8,25869.788,26454.032,4409.0053333333335,Regla extrapolada
24584,HELADERA MEDIUM SLIM RED BULL,1,1,0,0,0,,,Regla extrapolada
24598,CORONA 4X6 OW 330CC PROMO,24,84,5,54464.83,72633.134,74267.079,3094.461625,Regla extrapolada
24709,BUCKET CORONA 2.0,1,600,5,11499.44,13914.322,14259.305,14259.305,Regla extrapolada
24805,SILLA PATAGONIA 2021,1,50,0,0,0,,,Regla extrapolada
24806,SOMBRILLA PATAGONIA 2021,1,50,0,0,0,,,Regla extrapolada
24828,MESA PATAGONIA 2021,1,50,0,0,0,,,Regla extrapolada
24835,TRAVEL ORGANIZER CORONA,1,1,5,8834.38,10689.6,10954.631,10954.631,Regla extrapolada
24857,VASOS QUILMES COPA AMERICA,1,1,0,0,0,,,Regla extrapolada
24859,MARCADORES ESPECIEROS STELLA,1,1,0,0,0,,,Regla extrapolada
24878,STELLA ARTOIS PM CAN 4X6 473CC CART,24,100,5,52770.17,70427.076,72010.181,3000.4242083333334,Regla extrapolada
24880,STELLA ARTOIS PM RET X12 975CC,12,50,5,43884.32,58019.877,59336.407,4944.700583333333,Regla extrapolada
24882,STELLA ARTOIS OW PM X6 710CC,6,140,5,19474.8,25869.788,26454.032,4409.0053333333335,Regla extrapolada
24915,HELADERA FULL GLASS VG QUILMES,1,1,0,0,0,,,Regla extrapolada
24925,STELLA ARTOIS KEG RET 20L,1,18,5,95910.39,126387.942,129265.254,129265.254,Regla extrapolada
24929,STELLA ARTOIS PM OW 4X6 330CC,24,84,5,50007.33,66654.479,68154.699,2839.7791249999996,Regla extrapolada
24931,STELLA ART NOIRE PM CAN 4X6 473CC CART,24,100,5,52770.17,70427.076,72010.181,3000.4242083333334,SKU de muestra
24957,ENVASE CAJON MARRON,1,1,5,22915.99,30598.138,31285.618,31285.618,Regla extrapolada
24991,FRAPERA STELLA ARTOIS,1,1,5,8535.12,10327.495,10583.549,10583.549,Regla extrapolada
25059,PATAGONIA VERA IPA OW X6 730CC,6,140,5,21430.63,28493.062,29135.981,4855.996833333334,Regla extrapolada
25075,TARIMA BUD 2021,1,1,0,0,0,,,Regla extrapolada
25194,MIRINDA NARANJA PET X6 500CC,6,336,5,7839.01,10004.742,10239.912,1706.652,Regla extrapolada
25306,TARIMA BUD 2021 SMK,1,1,0,0,0,,,Regla extrapolada
25543,BOTELLA 1L COMP,1,50,5,11446.65,15283.917,15627.317,15627.317,Regla extrapolada
25544,ENVASE CAJON 1L COMP,1,50,5,22915.99,30598.138,31285.618,31285.618,Regla extrapolada
25645,PDT POM PET X6 500CC,6,336,5,7839.01,10004.752,10239.922,1706.6536666666668,Regla extrapolada
25737,HELADERA 3 BANDEJAS CHECK-OUT MULTIMARCA,1,1,0,0,0,,,Regla extrapolada
25771,DANTE ROB LEGADO CAB SAUVIGNON X6 750CC,6,125,5,63547.11,76892.003,78798.416,13133.069333333333,Regla extrapolada
25772,DANTE ROB LEGADO BL DE BLANCAS X6 750CC,6,125,5,63547.11,76892.003,78798.416,13133.069333333333,Regla extrapolada
25774,NAVE ROBINO EXTRA BRUT X6 750CC,6,110,5,35439.7,42882.037,43945.228,7324.204666666667,Regla extrapolada
25775,NAVE ROBINO MALBEC X6 750CC,6,125,5,27712.64,33532.294,34363.673,5727.278833333334,Regla extrapolada
25978,GATORADE NARANJA PET X6 1250CC,6,110,5,21060.44,25483.132,26114.945,4352.490833333333,Regla extrapolada
25979,GATORADE APPLE PET X6 1250CC,6,110,5,21060.44,25483.132,26114.945,4352.490833333333,Regla extrapolada
25980,GATORADE FRUTAS PET X6 1250CC,6,110,5,21060.44,25483.132,26114.945,4352.490833333333,Regla extrapolada
25981,GATORADE COOL BLUE PET X6 1250CC,6,110,5,21060.44,25483.132,26114.945,4352.490833333333,Regla extrapolada
26077,RACK GATORADE NS 2021,1,1,0,0,0,,,Regla extrapolada
26078,MARCO DE GONDOLA EXT GATORADE NS21,1,1,0,0,0,,,Regla extrapolada
26079,CENEFA EDF GATORADE NS21,1,1,0,0,0,,,Regla extrapolada
26257,RACK PEPSI BLACK AS 2021,1,1,0,0,0,,,Regla extrapolada
26354,CENEFA FLEJE PROMO ECO AGUAS 2022,1,1,5,22915.99,30598.138,31285.618,31285.618,Regla extrapolada
26359,BOTELLA 1L MEZCLA,12,50,5,11446.65,15283.917,15627.317,1302.2764166666666,Regla extrapolada
26422,RED BULL RED EDITION CAN 6X4 250CC,24,165,5,53107.46,64260.027,65853.251,2743.8854583333336,Regla extrapolada
26659,STOPPERS ROCKSTAR 2022 GT,1,1,0,0,0,,,Regla extrapolada
26716,RACK PEPSI UEFA AS 2022,1,1,0,0,0,,,Regla extrapolada
26738,DISPENSER CORONA NATURAL OASIS 2022 KT,1,1,0,0,0,,,Regla extrapolada
26745,HELADERA FULL GLASS VG QUILMES USADA,1,1,0,0,0,,,Regla extrapolada
26765,KIT FIAMBRERIA AO 2022 AS,1,1,0,0,0,,,Regla extrapolada
26766,RACK AO 2022 AS,1,1,0,0,0,,,Regla extrapolada
26767,PIZARRA AO 2022 AS,1,1,0,0,0,,,Regla extrapolada
26768,TARIMAS AO 2022 AS,1,1,0,0,0,,,Regla extrapolada
26939,CUBRECAJON BUDWEISER 2022 AS,1,1,0,0,0,,,Regla extrapolada
26947,TARIMA GI QUILMES,1,1,0,0,0,,,Regla extrapolada
26958,KIT CARNICERIA QUILMES 2022 AS,1,1,0,0,0,,,Regla extrapolada
26961,CUBRECAJONES QUILMES 2022 AS,1,1,0,0,0,,,Regla extrapolada
26962,TARIMA GI BRAHMA 2022 AS,1,1,0,0,0,,,Regla extrapolada
26963,CARTEL SECTOR SNACKS BRAHMA 2022 AS,1,1,0,0,0,,,Regla extrapolada
26964,STOPPER COLGANTE SNACKS BRAHMA 2022 AS,1,1,0,0,0,,,Regla extrapolada
26971,RACK GI BRAHMA 2022 AS,1,1,0,0,0,,,Regla extrapolada
27081,ECO DE LOS ANDES PET X6 850CC,6,252,5,9676.15,12013.882,12304.167,2050.6945,Regla extrapolada
27105,CARTEL PAI KIOSKO VENTANA 2022TKT QUIL,1,1,0,0,0,,,Regla extrapolada
27355,SILLA MICHELOB ULTRA,1,1,0,0,0,,,Regla extrapolada
27356,MESA MICHELOB ULTRA,1,1,0,0,0,,,Regla extrapolada
27357,SOMBRILLA MICHELOB ULTRA,1,1,0,0,0,,,Regla extrapolada
28263,QUILMES IPA CAN 4X6 473CC,24,100,5,35556.58,47339.222,48405.919,2016.9132916666667,Regla extrapolada
28392,VINO MANDAMAS X12 1LT,12,90,5,22044.81,26674.22,27335.564,2277.9636666666665,Regla extrapolada
28545,GIN LONDON DRY RESTINGA X4 750CC,4,150,5,45259,54763.39,56121.16,14030.29,Regla extrapolada
28662,STA TWOPACK TAZAS ISIDRA + GINKGO,24,32,5,220600.13,266926.157,273544.161,11397.673375,Regla extrapolada
28691,BUDWEISER CAN 4X4 710CC,16,96,5,34632.94,46085.747,47124.735,2945.2959375,Regla extrapolada
28698,STELLA ARTOIS 0.0% OW 4X6 330CC,24,84,5,44630.87,54003.353,55342.279,2305.9282916666666,Regla extrapolada
28699,STELLA ARTOIS 0.0% OW X24 330CC,24,84,5,44630.87,54003.353,55342.279,2305.9282916666666,Regla extrapolada
28846,QUILMES IPA RET X12 1000CC,12,50,5,29647.58,38969.412,39858.839,3321.569916666667,Regla extrapolada
28956,HEL BABY MT120 RED BULL 2023 NVA C/ RACK,1,1,0,0,0,,,Regla extrapolada
29456,MT 19 BRAHMA 2023 C WELLINGTON NUEVA,1,1,0,0,0,,,Regla extrapolada
29457,MT 11 BRAHMA 2023 C SENSIFY NUEVA,1,1,0,0,0,,,Regla extrapolada
29459,MT 19 BRAHMA 2023 C SENSIFY NUEVA,1,1,0,0,0,,,Regla extrapolada
29462,MT 11 BRAHMA 2023 C WELLINGTON NUEVA,1,1,0,0,0,,,Regla extrapolada
29465,MT 19 STELLA 2023 C SENSIFY NUEVA,1,1,0,0,0,,,Regla extrapolada
29467,MT 19 STELLA 2023 C WELLINGTON NUEVA,1,1,0,0,0,,,Regla extrapolada
29469,MT 11 STELLA 2023 C SENSIFY NUEVA,1,1,0,0,0,,,Regla extrapolada
29471,MT 11 STELLA 2023 C WELLINGTON NUEVA,1,1,0,0,0,,,Regla extrapolada
29473,MT 14 PEPSI C SENSIFY NUEVA,1,1,0,0,0,,,Regla extrapolada
29475,MT 14 PEPSI C WELLINGTON NUEVA,1,1,0,0,0,,,Regla extrapolada
29476,MT 11 QUILMES 2023 C WELLINGTON NUEVA,1,1,0,0,0,,,Regla extrapolada
29477,MT 19 QUILMES 2023 C SENSIFY NUEVA,1,1,0,0,0,,,Regla extrapolada
29478,MT 11 QUILMES 2023 C SENSIFY NUEVA,1,1,0,0,0,,,Regla extrapolada
29479,MT 19 QUILMES 2023 C WELLINGTON NUEVA,1,1,0,0,0,,,Regla extrapolada
29649,STELLA ARTOIS CAN 4X4 710CC,16,96,5,51704.18,68982.668,70533.793,4408.3620625,Regla extrapolada
29740,QUILMES 1890 RET X12 1L SMK,12,50,5,24262.45,31763.465,32491.339,2707.6115833333333,Regla extrapolada
29743,QUILMES 1890 CAN X24 473CC SMK,24,100,5,28565.75,37962.718,38819.691,1617.4871249999999,Regla extrapolada
29799,RED BULL FRUTA DEL DRAGON CAN 6X4 250CC,24,165,5,53107.46,64260.027,65853.251,2743.8854583333336,Regla extrapolada
29814,H2OH STILL MANZANA PET X6 500CC,6,336,5,6421.61,8185.818,8378.466,1396.411,Regla extrapolada
29815,H2OH STILL LIMON PET X6 500CC,6,336,5,6421.61,8185.818,8378.466,1396.411,Regla extrapolada
29816,H2OH STILL POMELO PET X6 500CC,6,336,5,6421.61,8185.818,8378.466,1396.411,Regla extrapolada
29848,STA BUCKET CORONA 2.0,20,16,5,0,0,,,Regla extrapolada
29917,STA TWOPACK VASOS PATAGONIA TULIPA,2,360,5,19310.24,23365.39,23944.697,11972.3485,Regla extrapolada
29922,STA TWOPACK VASOS ANDES ORIGEN,2,486,5,18383.34,22243.841,22795.341,11397.6705,Regla extrapolada
29925,STA TABLA Y RUEDA DE PIZZA STELLA,2,180,5,22979.18,27804.808,28494.183,14247.0915,Regla extrapolada
29926,STA TWOPACK COPA STELLA ART,2,588,5,19696.44,23832.692,24423.585,12211.7925,Regla extrapolada
29929,STA TWOPACK CHALICE VINTAGE CURVO+ESM SA,2,492,5,21009.54,25421.543,26051.829,13025.9145,Regla extrapolada
30477,MIRINDA NAR CAN 130 BUL/PAL 4X6 354CC,24,130,5,25625.12,32742.335,33511.089,1396.295375,Regla extrapolada
30478,7UP FREE CAN 130 BUL/PAL 4X6 354CC,24,130,5,26359.88,32753.315,33544.111,1397.6712916666665,Regla extrapolada
30481,SEVEN-UP NF CAN 130 BUL/PAL 4X6 354CC,24,130,5,26359.88,32753.315,33544.111,1397.6712916666665,Regla extrapolada
30551,CORONA CAN 4X6 473CC AR,24,100,5,59937.61,80040.458,81838.586,3409.941083333333,Regla extrapolada
30606,STA TWOPACK VASOS BUD 2023,2,426,5,15757.15,19066.152,19538.867,9769.4335,Regla extrapolada
30644,PEPSI 70KCAL PET X6 1500CC,6,120,5,16379.66,20865.949,21357.339,3559.5565,Regla extrapolada
30645,PEPSI 70KCAL PET X8 2000CC,8,60,5,22815.92,28971.693,29656.171,3707.021375,SKU de muestra
30647,PEPSI 70KCAL PET X6 3000CC,6,60,5,19141.2,24255.982,24830.218,4138.3696666666665,Regla extrapolada
30648,PEPSI 70KCAL 4X6 354CC,24,130,5,25625.12,32742.335,33511.089,1396.295375,Regla extrapolada
30663,PEPSI 70KCAL PET X6 500CC,6,336,5,7839.01,10004.752,10239.922,1706.6536666666668,Regla extrapolada
30789,PEPSI BLACK PET X8 2.000CC 2024,8,60,5,22815.92,28971.693,29656.171,3707.021375,Regla extrapolada
30790,PEPSI BLACK PET X6 1.500CC 2024,6,120,5,16379.66,20865.949,21357.339,3559.5565,Regla extrapolada
30791,PEPSI BLACK PET X6 500CC 2024,6,336,5,7839.01,10004.742,10239.912,1706.652,Regla extrapolada
30793,PEPSI BLACK CAN 4X6 354CC 2024,24,130,5,29778.45,38072.245,38965.599,1623.5666250000002,Regla extrapolada
30840,H2OH STILL MANZANA PET X6 1.500L 96 BUL,6,96,5,13616.88,17282.065,17690.571,2948.4285,Regla extrapolada
30842,H2OH STILL POMELO PET X6 1.500L 96 BUL,6,96,5,13616.88,17282.065,17690.571,2948.4285,Regla extrapolada
30843,H2OH STILL LIMON PET X6 1.500L 96 BUL,6,96,5,13616.88,17282.065,17690.571,2948.4285,Regla extrapolada
30921,TWOPACK VASOS VINTAGE 1970 - 1980 7UP,2,54,5,9011.44,10903.842,11174.185,5587.0925,Regla extrapolada
30922,TWOPACK VASOS VINTAGE 1930 - 1950 7UP,2,54,5,9191.67,11121.921,11397.671,5698.8355,Regla extrapolada
30970,7UP PET X6 3000CC NF 2024,6,60,5,19604.71,24262.889,24851.03,4141.838333333333,Regla extrapolada
30972,7UP PET X6 1500CC NF 2024,6,120,5,17082.99,21196.748,21709.238,3618.2063333333335,Regla extrapolada
30974,7UP PET X6 500CC NF 2024,6,336,5,8058.91,10008.031,10249.798,1708.2996666666668,Regla extrapolada
30977,7UP FREE PET X8 2250CC 2024,8,60,5,15593.13,19267.967,19735.761,2466.970125,Regla extrapolada
30978,7UP FREE PET X6 1500CC 2024,6,120,5,17082.99,21196.748,21709.238,3618.2063333333335,Regla extrapolada
30989,VINO MALBEC CLOS D ARGENTINE X6 750CC,6,140,5,23326.42,28224.968,28924.761,4820.7935,Regla extrapolada
31073,PDT TONICA CAN 4X6 269CC 169 BULTOS,24,169,5,18103.59,23122.844,23665.952,986.0813333333334,Regla extrapolada
31074,PDT POMELO CAN 4X6 269CC 169 BULTOS,24,169,5,18103.59,23122.844,23665.952,986.0813333333334,Regla extrapolada
31204,ANDES ORIGEN RUBIA 2.0 RET X12 1000CC,12,50,5,35105.77,46273.122,47326.295,3943.8579166666664,Regla extrapolada
31205,ANDES ORIGEN RUBIA 2.0 CAN 4X6 473CC,24,100,5,42269.46,56342.927,57611.011,2400.4587916666665,Regla extrapolada
31206,ANDES ORIGEN RUBIA 2.0 CAN 4X4 710CC,16,96,5,39957.55,53227.416,54426.143,3401.6339375,Regla extrapolada
31215,QUILMES 0.0 2.0 CAN 4X6 473CC,24,100,5,28179.97,34097.764,34943.163,1455.965125,Regla extrapolada
31242,QUILMES CLASICA CAN 4X4 710CC,16,96,5,33688.8,44819.408,45830.072,2864.3795,Regla extrapolada
31254,M5000 BRIKET QUILMES NVA C SENSIFY 2024,1,1,0,0,0,,,Regla extrapolada
31260,MT17 INELRO PEPSI NVA C SENSIFY 2024,1,1,0,0,0,,,Regla extrapolada
31346,DANTE MALBEC OW X6 750CC NET,6,125,5,37190.08,44999.997,46115.699,7685.949833333333,Regla extrapolada
31347,DANTE EXTRA BRUT OW X6 750CC NET,6,90,5,46487.6,56249.996,57644.624,9607.437333333333,Regla extrapolada
31348,DANTE CABERNET SAUV X6 750CC NET,6,125,5,37190.08,44999.997,46115.699,7685.949833333333,Regla extrapolada
31354,ANDES ORIGEN RUBIA ORO CAN 4X6 473CC,24,100,5,42229.07,56288.745,57555.617,2398.150708333333,Regla extrapolada
31357,PATAGONIA LAGER DEL SUR CAN 4X6 473CC,24,100,5,58221.89,77739.237,79485.894,3311.91225,Regla extrapolada
31365,PATAGONIA LAGER DEL SUR OW X6 730CC,6,140,5,21430.63,28493.062,29135.981,4855.996833333334,Regla extrapolada
31383,TOALLA CORONA 2024 X20,20,16,5,411951.68,498461.533,510820.083,25541.00415,Regla extrapolada
31434,BRAHMA CAN 4X4 710CC,16,96,5,32764.35,43579.484,44562.415,2785.1509375,SKU de muestra
31471,M5000 QUILMES C/SENSIFY NUEVA 2024,1,1,0,0,0,,,Regla extrapolada
31472,M5000 BRAHMA C/SENSIFY NUEVA 2024,1,1,0,0,0,,,Regla extrapolada
31488,M3500 QUILMES C/SENSIFY NUEVA 2024,1,1,0,0,0,,,Regla extrapolada
31489,MT 17 PEPSI BLACK C/SENSIFY NUEVA 2024,1,1,0,0,0,,,Regla extrapolada
31492,M5000 STELLA C/SENSIFY NUEVA 2024,1,1,0,0,0,,,Regla extrapolada
31557,MICHELOB ULTRA GLUT FREE CAN 4X6 473CC,24,100,5,37847.57,50412.03,51547.457,2147.8107083333334,Regla extrapolada
31600,H2OH STILL POMELO PET X8 2000CC,8,60,5,21031.06,26681.213,27312.145,3414.018125,Regla extrapolada
31601,H2OH STILL LIMON PET X8 2000CC,8,60,5,21031.06,26681.213,27312.145,3414.018125,Regla extrapolada
31602,H2OH STILL MANZANA PET X8 2000CC,8,60,5,21031.06,26681.213,27312.145,3414.018125,Regla extrapolada
31718,VODKA FRAMBUESA MALEFICIO X6 750CC,6,140,5,31432.98,42881.156,43824.145,7304.024166666666,Regla extrapolada
31720,VODKA ORIGINAL MALEFICIO X6 750CC,6,140,5,28450.74,40817.005,41670.527,6945.087833333334,Regla extrapolada
31747,JAGERMEISTER X6 700ML,6,80,5,109957.68,163181.043,166479.773,27746.628833333332,Regla extrapolada
31760,HEL MEDIUM SLIM RED BULL NUEVA 2024,1,1,0,0,0,,,Regla extrapolada
32037,HEL INELRO MT11 QUILMES C SENSIFY NUEVA,1,1,0,0,0,,,Regla extrapolada
32041,HEL BRIKET M3500 BRAHMA SENSIFY NUEVA,1,1,0,0,0,,,Regla extrapolada
32043,HEL BRIKET M5000 BRAHMA SENSIFY NUEVA,1,1,0,0,0,,,Regla extrapolada
32045,HEL BRIKET M3500 QUILMES SENSIFY NUEVA,1,1,0,0,0,,,Regla extrapolada
32047,HEL BRIKET M5000 QUILMES SENSIFY NUEVA,1,1,0,0,0,,,Regla extrapolada
32051,HEL BRIKET M3500 STELLA SENSIFY NUEVA,1,1,0,0,0,,,Regla extrapolada
32189,STA TABLA ILUSTRADA PATAGONIA X8,8,50,5,257469.8,311538.458,319262.552,39907.819,Regla extrapolada
32191,"NESTLE PUREZA VITAL PET X2 6,4L",2,96,5,7865.42,9517.158,9753.121,4876.5605,Regla extrapolada
32193,CORONA 0.0 OW 6X4 330CC CLUSTER 4PACK,24,84,5,46222.54,55929.273,57315.949,2388.1645416666665,Regla extrapolada
32203,STA TOALLA CORONA 2025 X10,10,36,5,289653.53,350480.771,359170.377,35917.0377,Regla extrapolada
32258,3P-LECHE LIVIANA 2% APOSTOLES X12 1L,12,75,5,19847.46,24015.427,24610.851,2050.90425,Regla extrapolada
32259,3P-LECHE PARC DESCREM APOSTOLES X12 1L,12,75,5,19847.46,24015.427,24610.851,2050.90425,Regla extrapolada
32260,3P-LECHE CLASICA LIVIANA ANGELITA X12 1L,12,75,5,19847.46,24015.427,24610.851,2050.90425,Regla extrapolada
32261,3P-LECHE UAT P.DESCREM ANGELITA X12 1L,12,75,5,19847.46,24015.427,24610.851,2050.90425,Regla extrapolada
32262,3P-YERBA C/P PLAYADITO X10 500GR,10,90,5,17870.08,21622.797,22158.899,2215.8899,Regla extrapolada
32263,3P - YERBA C/P PLAYADITO X5 1KG,5,100,5,16705.09,20213.159,20714.312,4142.8624,Regla extrapolada
32293,GLACIAR SG PET X12 500CC 208 PACKS,12,208,5,15108.69,18773.175,19226.436,1602.2030000000002,Regla extrapolada
32309,HEL INELRO MT11 PEPSI SENSIFY NUEVA,1,1,0,0,0,,,Regla extrapolada
32374,HEL BRIKET M5000 STELLA SENSIFY NUEVA,1,1,0,0,0,,,Regla extrapolada
32421,BRAHMA FT LIMON CAN X24 473CC,24,130,0,0,0,,,Regla extrapolada
32442,BRAHMA FT POMELO CAN X24 473CC,24,130,0,0,0,,,Regla extrapolada
32484,RIÃ?ONERA JAGERMEISTER X50,50,45,5,656548,794423.08,814119.52,16282.3904,Regla extrapolada
32489,H2OH S/GAS NARANJA PET X6 500CC,6,336,5,6421.61,8185.818,8378.466,1396.411,Regla extrapolada
32492,H2OH S/GAS NARANJA PET X6 1500CC,6,96,5,13616.88,17282.065,17690.571,2948.4285,Regla extrapolada
32495,QUILMES BAJO CERO CAN 4X6 473CC TT,24,100,5,28627.85,38046.019,38904.855,1621.0356250000002,Regla extrapolada
32511,PEPSI BLACK PET X6 3000CC,6,60,5,19141.2,24255.982,24830.218,4138.3696666666665,Regla extrapolada
32537,GLACIAR PET X6 2L,6,115,5,11745.11,14542.813,14895.166,2482.5276666666664,Regla extrapolada
32540,VASO JAGER 200ML X6,6,120,5,28965.35,35048.074,35917.035,5986.172500000001,Regla extrapolada
32636,PATAGONIA LAGER DEL SUR OW X6 730CC TERM,6,140,0,0,0,,,Regla extrapolada
32638,PATAGONIA AMBER OW X6 730CC TERM,6,140,5,21430.63,28493.062,29135.981,4855.996833333334,Regla extrapolada
32640,PATAGONIA VERA IPA OW X6 730CC TERMO,6,140,5,21430.63,28493.062,29135.981,4855.996833333334,Regla extrapolada
32642,PATAGONIA IPA OW X6 730CC TERMO,6,140,5,21430.63,28493.062,29135.981,4855.996833333334,Regla extrapolada
32707,GLACIAR PET X2 6.400CC,2,96,5,9543.3,11782.083,12068.382,6034.191,Regla extrapolada
32710,RED BULL SUMMER EDITION CAN 6X4,24,165,5,53107.46,64260.027,65853.251,2743.8854583333336,Regla extrapolada
34752,CORONA 0.0 CAN 4X6 473CC CART,24,100,5,46187.99,55887.468,57273.108,2386.3795,Regla extrapolada
42961,SILLA ANDES ORIGEN TOP,1,1,0,0,0,,,Regla extrapolada
42962,SOMBRILLA ANDES ORIGEN,1,1,0,0,0,,,Regla extrapolada
42963,MESA ANDES ORIGEN TOP,1,1,0,0,0,,,Regla extrapolada
42973,SILLA BUDWEISER TOP,1,1,0,0,0,,,Regla extrapolada
42974,MESA BUDWEISER TOP,1,1,0,0,0,,,Regla extrapolada
44489,STELLA ARTOIS 0.0 SY CAN 4X6 473CC CART,24,100,5,44630.87,54003.353,55342.279,2305.9282916666666,Regla extrapolada
46587,GATORADE NS FRESA KIWI PET X6 40,6,384,5,7107.91,8600.571,8813.808,1468.968,Regla extrapolada
46729,GATORADE NS MORAS PET X6 400CC,6,384,5,7107.91,8600.571,8813.808,1468.968,Regla extrapolada
46888,HEL INELRO VG QUILMES C SENSIFY,1,1,0,0,0,,,Regla extrapolada
47488,PDT POMELO PET X8 2000CC,8,60,5,20847.06,26445.093,27070.505,3383.813125,Regla extrapolada
47489,7UP PET X8 2000CC,8,60,5,21363.5,26452.805,27093.71,3386.71375,Regla extrapolada
47627,MICHELOB ULTRA OW 4X6 275CC EXP,24,91,5,39524.63,52626.652,53812.391,2242.1829583333333,Regla extrapolada
47707,STELLA ARTOIS PURE GOLD OW 4X6 330CC IMP,24,84,5,50007.33,66654.479,68154.699,2839.7791249999996,Regla extrapolada
47767,HEL BRIKET SLIM BRAHMA SENSIFY N,1,1,0,0,0,,,Regla extrapolada
47787,HEL BRIKET SLIM QUILMES SENSIFY,1,1,0,0,0,,,Regla extrapolada
47807,HEL BRIKET SLIM STELLA SENSIFY N,1,1,0,0,0,,,Regla extrapolada
47967,HEL INELRO SLIM STELLA SENSIFY N,1,1,0,0,0,,,Regla extrapolada
47987,HEL INELRO VG BRAHMA SENSIFY NUE,1,1,0,0,0,,,Regla extrapolada
48017,HEL INELRO VG QUILMES SENSIFY NU,1,1,0,0,0,,,Regla extrapolada
48027,HEL INELRO VG STELLA SENSIFY NUE,1,1,0,0,0,,,Regla extrapolada
49767,STA TRIPACK VASOS QUILMES MUNDIAL 2026 X1,1,288,5,7724.09,9346.149,9577.872,9577.872,Regla extrapolada
49807,STELLA PURE GOLD CAN 4X6 473CC T,24,100,5,52770.17,70427.076,72010.181,3000.4242083333334,SKU de muestra
51290,QUILMES 1890 CAN 4X4 710CC,16,96,5,27349.6,36316.916,37137.404,2321.08775,Regla extrapolada
51292,QUILMES BAJO CERO CAN 4X4 710CC,16,96,5,27349.6,36316.916,37137.404,2321.08775,Regla extrapolada
51527,STA PELOTA QUILMES MUNDIAL 2026 X1,1,100,5,20597.58,24923.072,25540.999,25540.999,Regla extrapolada
53547,HEL INELRO MT11 MUL C SENSIFY NU,1,1,0,0,0,,,Regla extrapolada
58089,RB ZERO CAN 6X4 250CC,24,165,5,53107.46,64260.027,65853.251,2743.8854583333336,Regla extrapolada
58708,HEL BRIKET M3500 PEPSI BLACK SFY USA 26,1,1,0,0,0,,,Regla extrapolada
58710,HEL BRIKET M5000 PEPSI BLACK SFY NUE 26,1,1,0,0,0,,,Regla extrapolada
58713,HEL BRIKET M3500 GATORADE SFY NUE 26,1,1,0,0,0,,,Regla extrapolada
77897,VASO QUILMES MURPHY X6 500CC,6,160,5,51210.74,61964.995,63501.317,10583.552833333333,Regla extrapolada
77934,VINO MALEANTE MALBEC X6 750CC,6,140,5,25545.93,30910.575,31676.953,5279.492166666667,Regla extrapolada
77976,STA TEJO BRAHMA X10,10,35,5,65654.8,79442.308,81411.952,8141.1952,Regla extrapolada
77979,GIN BOSQUE EAN CENCO OW X4 500CC,4,245,5,67432.08,81592.817,83615.779,20903.94475,Regla extrapolada
77994,DONDE MANDA CAPITAN X6 750CC,6,140,5,24575.56,29736.428,30473.695,5078.949166666666,Regla extrapolada
78034,STA TABLA ILUSTRADA PATAGONIA,10,48,5,328274,397211.54,407059.76,40705.976,Regla extrapolada
78142,ARROZ LF MOLINOS ALA X10 500GR,10,195,5,10419.22,12607.256,12919.833,1291.9833,Regla extrapolada
78145,PATAGONIA GINGKO OW X4 500CC,4,210,5,44492.85,65359.629,66694.415,16673.60375,Regla extrapolada
78176,STA DESTAPADOR QUILMES,200,60,5,459583.6,556096.156,569883.664,2849.4183199999998,Regla extrapolada
78241,STA GORRA AZUL CORONA MARTHA 2022,150,10,5,3151430.39,3813230.772,3907773.684,26051.82456,Regla extrapolada
78242,STA PILUSO AZUL CORONA MARTHA 2022,136,12,5,397342.85,480784.849,492705.135,3622.831875,Regla extrapolada
78267,STA PARAGUAS QUILMES CELESTE Y BLANCO,40,28,5,551500.32,667315.387,683860.397,17096.509925,Regla extrapolada
80904,MESA H2OH! DE MADERA,1,1,0,0,0,,,Regla extrapolada
80935,HELADERA NPV AWAFRUT VERT. GRANDE,1,1,0,0,0,,,Regla extrapolada
81183,REVESTIMIENTO DE GONDOLA GATORADE,1,1,0,0,0,,,Regla extrapolada
81465,SILLA PEPSI SEMITOP,1,1,0,0,0,,,Regla extrapolada
81469,SOMBRILLA STELLA ARTOIS TOP 1.80,1,1,0,0,0,,,Regla extrapolada
81934,CHOPP BRAHMA VIDRIO,1,1,0,0,0,,,Regla extrapolada
82084,VASOS QUILMES CHOPP MURPHIS BECHER 0.33L,1,1,0,0,0,,,Regla extrapolada
82087,HELADERA QUILMES CHECK OUT CYBORG,1,1,0,0,0,,,Regla extrapolada
82154,HELADERA QUILMES PREMIUN SAHARA C/VENT,1,2,0,0,0,,,Regla extrapolada
82240,HEL PEPSI MULTI PUERTA B CONS USADA,1,2,0,0,0,,,Regla extrapolada
82476,HEL PEPSI DOBLE PTA PUNTERA B/C,1,1,0,0,0,,,Regla extrapolada
82478,HELADERA PEPSI DOBLE PTA B/C,1,1,0,0,0,,,Regla extrapolada
82480,HELADERA PEPSI SLIM B/C,1,1,0,0,0,,,Regla extrapolada
82482,HELADERA GATORADE SLIM B/C,1,2,0,0,0,,,Regla extrapolada
82484,HELADERA PEPSI VERT GDE B/C,1,1,0,0,0,,,Regla extrapolada
82486,HELADERA QUILMES DOBLE PUERTA B/C,1,1,0,0,0,,,Regla extrapolada
82487,HELADERA QUILMES DOBLE PUERTA B/C USAD,1,1,0,0,0,,,Regla extrapolada
82488,HELADERA QUILMES VERT GDE B/C,1,1,0,0,0,,,Regla extrapolada
82489,HELADERA QUILMES VERT GDE B/C USAD,1,1,0,0,0,,,Regla extrapolada
82616,EQUIPO ELEC. V-100 COSTERO,1,1,0,0,0,,,Regla extrapolada
82676,SOMBRILLA QUILMES,1,1,0,0,0,,,Regla extrapolada
82682,HELADERA QUILMES VERTICAL GRANDE TOP,1,2,0,0,0,,,Regla extrapolada
82937,EQUIPO ELEC. C-2500 CORNELIUS USADO,1,1,0,0,0,,,Regla extrapolada
82940,EQUIPO ELEC. V-100 COSTERO USADO,1,1,0,0,0,,,Regla extrapolada
82941,EQUIPO ELEC. V-200 COSTERO USADO,1,1,0,0,0,,,Regla extrapolada
82947,EQUIPO ELEC. V-50 COSTERO USADO,1,1,0,0,0,,,Regla extrapolada
82953,PILON METALICO CORNETA C/MEDA Q.CRISTAL USADO,1,1,0,0,0,,,Regla extrapolada
82999,GONDOLA CERVEZAS CON LATERAL IZQUIERDO,1,1,0,0,0,,,Regla extrapolada
83147,MARQUESINA QUILMES SIMPLE,1,1,0,0,0,,,Regla extrapolada
83297,PUNTERA DE CALIDAD,1,1,0,0,0,,,Regla extrapolada
83308,HELADERA QUILMES VG REG BC,1,1,0,0,0,,,Regla extrapolada
83309,HELADERA QUILMES VG REG BC USADA,1,1,0,0,0,,,Regla extrapolada
83415,VASO MURPHYS 330 PROG ON,1,1,0,0,0,,,Regla extrapolada
83641,PILON METALICO NIQUELADO STELLA ARTOIS USADO,1,1,0,0,0,,,Regla extrapolada
84121,HELADERA IMPORTADAS SLIM,1,1,0,0,0,,,Regla extrapolada
84196,VASO PLASTICO PROMO PEPSI,1,1,0,0,0,,,Regla extrapolada
84241,MESA MADERA S/ MARCA - ANDES,1,1,0,0,0,,,Regla extrapolada
84242,MESA MADERA USADA S/ MARCA - ANDES,1,1,0,0,0,,,Regla extrapolada
84265,SILLA MADERA S/MARCA - ANDES,1,1,0,0,0,,,Regla extrapolada
84311,SOMBRILLA REGULAR S/MARCA - H2OH!,1,1,0,0,0,,,Regla extrapolada
84390,SILLA MADERA S/MARCA - STELLA ARTOIS,1,1,0,0,0,,,Regla extrapolada
84557,HELADERA AWAFRUT VERT GDE,1,1,0,0,0,,,Regla extrapolada
84620,HELADERA QUILMES MOSTRADOR USADA,1,2,0,0,0,,,Regla extrapolada
84621,HELADERA QUILMES MOSTRADOR,1,2,0,0,0,,,Regla extrapolada
84628,HELADERA STELLA VERT GDE,1,2,0,0,0,,,Regla extrapolada
84783,HELADERA QUILMES MULTIPUERTA B/C,1,1,0,0,0,,,Regla extrapolada
85415,HEL QUILMES DOBLE PTA PUNTERA B/C,1,1,0,0,0,,,Regla extrapolada
85464,HELADERA STELLA SAHARA C/VENT BC,1,1,0,0,0,,,Regla extrapolada
85465,HELADERA STELLA SAHARA C/VENT BC USADA,1,2,0,0,0,,,Regla extrapolada
85468,HELADERA STELLA VERT GDE B/C,1,1,0,0,0,,,Regla extrapolada
85474,HELADERA QUILMES VERT GDE CASSETTE,1,1,0,0,0,,,Regla extrapolada
85475,HELADERA QUILMES VERT GDE CASSETTE USADA,1,2,0,0,0,,,Regla extrapolada
86044,HELADERA VERT MED MULTIMARCA QPE USADA,1,2,0,0,0,,,Regla extrapolada
900014,COMBO Arroz + Leche,1,0,5,22976.695,27801.801,28491.102,28491.102,Regla extrapolada
900022,COMBO Molinos Ala,1,0,5,6772.493,8194.717,8397.892,8397.892,Regla extrapolada
900029,COMBO Playadito + Terepin,1,0,5,28537.245,34530.066,35386.183,35386.183,Regla extrapolada
900037,COMBO Nesquik + Crowie,1,0,5,17549.319,21234.677,21761.157,21761.157,Regla extrapolada
900038,COMBO GTD 750 - PATAGONIA,1,0,5,25667.425,31057.584,31827.607,31827.607,Regla extrapolada
900039,COMBO LOCO 2.1 - AREA SUR - K+T AS,1,0,5,20716.32,25341.895,25963.385,25963.385,Regla extrapolada
900041,COMBO LOCO 1.6 - AREA SUR,1,0,5,21183.105,26120.622,26756.115,26756.115,Regla extrapolada
900042,COMBO Fiestas! 2,1,0,5,34945.347,42283.869,43332.229,43332.229,Regla extrapolada
900050,I) COMBO PEPSI + ECO 500 30% DTO!,1,0,5,16155.205,20308.884,20793.54,20793.54,Regla extrapolada
900051,II) COMBO PEPSI + ECO 500 30% DTO!,1,0,5,9100.096,11304.607,11577.61,11577.61,Regla extrapolada
900052,COMBO TITAN FAMILIAR 2 - PATAGONIA (ANULADO),1,0,5,49586.263,62979.58,64467.168,64467.168,Regla extrapolada
900053,Gran Dante - Bodega Dante Robino,1,0,5,292871.895,354374.993,363161.15,363161.15,Regla extrapolada
900054,TRIDENTE VINOS BDR - CABERNET,1,0,5,50894.292,61582.094,63108.923,63108.923,Regla extrapolada
900055,APOLO BDR - (BOSQUE + POKER MALBEC + SC NOV. CABERNET),1,0,5,118157.043,142970.022,146514.733,146514.733,Regla extrapolada
900056,TRIDENTE ESPUMANTES BDR - EXTRA BRUT,1,0,5,65070.18,78734.918,80687.023,80687.023,Regla extrapolada
900057,COMBO RED BULL - TROPICAL,1,0,5,12030.995,14557.504,14918.434,14918.434,Regla extrapolada
900058,COMBO RED BULL - RED,1,0,5,13276.865,16065.007,16463.313,16463.313,Regla extrapolada
900061,COMBO BUD-CORONA-ANDES,1,0,5,11967.952,15968.505,16327.544,16327.544,Regla extrapolada
900062,COMBO BUD-CORONA-ANDES,1,0,5,69377.579,92501.076,94582.403,94582.403,Regla extrapolada
900063,LATON STELLA-BUD-ANDES,1,0,5,19933.636,26571.11,27169.119,27169.119,Regla extrapolada
900064,COMBO LATON STELLA-BUD-ANDES,1,0,5,154636.695,206127.402,210766.503,210766.503,Regla extrapolada
900065,COMBO GTD - AREA SUR - AGOSTO,1,0,5,50808.331,61478.081,63002.331,63002.331,Regla extrapolada
900067,COMBO RED BULL - SUGAR FREE,1,0,5,13276.865,16065.007,16463.313,16463.313,Regla extrapolada
900068,COMBO LOCO 1.10 - AREA SUR,1,0,5,25212.56,31124.638,31881.015,31881.015,Regla extrapolada
900069,COMBO LOCO 2.2 - AREA SUR,1,0,5,14212.925,18189.854,18616.242,18616.242,Regla extrapolada
900070,COMBO TITAN FAMILIAR 2 - PATAGONIA,1,0,5,46669.424,59274.899,60674.982,60674.982,Regla extrapolada
900072,COMBO GTD - AREA SUR,1,0,5,49427.701,59807.519,61290.35,61290.35,Regla extrapolada
900073,COMBO BOSQUE + PEPSI 1.1 - AREA SUR - OCTUBRE,1,0,5,45474.555,55803.537,57167.774,57167.774,Regla extrapolada
900074,*Laton Andes Origen/ Laton Bud/ Laton Stella - BAJO DROP,1,0,5,18121.488,24155.555,24699.2,24699.2,Regla extrapolada
900075,*Laton Andes Origen/ Laton Bud/ Laton Stella - ALTO DROP,1,0,5,132890.91,177140.736,181127.463,181127.463,Regla extrapolada
900077,COMBO LOCO 2.17 - AREA SUR,1,0,5,18242.38,23193.87,23741.141,23741.141,Regla extrapolada
900078,COMBO LOCO 2.7 - AREA SUR - K+T AS,1,0,5,30255.072,37349.565,38257.217,38257.217,Regla extrapolada
900079,COMBO LOCO 2 AREA SUR 40%,1,0,5,21890.856,27832.644,28489.37,28489.37,Regla extrapolada
900081,LATON STELLA-BUD-AO NUEVA RECETA,1,0,5,20838.621,27768.812,28393.971,28393.971,Regla extrapolada
900082,COMBO LATON STELLA-BUD-ANDES NUEVA RECETA,1,0,5,161657.178,215418.663,220268.378,220268.378,Regla extrapolada
900084,COMBO AGUAS + PEPSI 500cc OCT,1,0,5,11028.955,13834.101,14164.97,14164.97,Regla extrapolada
900085,COMBO 0.0% Bajo Drop,1,0,5,17581.181,21273.229,21800.664,21800.664,Regla extrapolada
900086,COMBO 0.0% Alto Drop,1,0,5,64915.131,78547.309,80494.763,80494.763,Regla extrapolada
900087,COMBO AGUAS ECO 500 + ECO ONE,1,0,5,13545.571,16817.947,17224.314,17224.314,Regla extrapolada
900088,COMBO AGUAS ECO 500 + ECO 850,1,0,5,13142.278,16322.532,16716.8,16716.8,Regla extrapolada
900089,COMBO FIESTA,1,0,5,52635.305,63688.72,65267.779,65267.779,Regla extrapolada
900090,COMBO RIDER + PDT 1.5L,1,0,5,22672.2,27433.361,28113.527,28113.527,Regla extrapolada
900091,COMBO MAYORISTA - EDASA GT - AREA SUR - OCTUBRE,1,0,5,1657420.48,2073563.213,2123285.827,2123285.827,Regla extrapolada
900092,COMBO MAYORISTA - EDASA MAYO - AREA SUR - OCTUBRE,1,0,5,6875434.56,8610569.386,8816832.423,8816832.423,Regla extrapolada
900093,COMBO MAYORISTA - EDASA GT - COSTA PATAGONIA,1,0,5,822492.15,1029918.947,1054593.712,1054593.712,Regla extrapolada
900094,"COMBO 1,5lts - AREA SUR",1,0,5,30056.904,37951.63,38853.337,38853.337,Regla extrapolada
900098,COMBO GIN CORTÁ LA SED,1,0,5,40459.248,48955.69,50169.467,50169.467,Regla extrapolada
900099,COMBO 2.2 500CC - ON - AREA SUR,1,0,5,188415.598,238140.602,243793.07,243793.07,Regla extrapolada
900100,COMBO FIESTA (SIDRA PERA + NOVECENTO),1,0,5,32731.793,39605.469,40587.423,40587.423,Regla extrapolada
900101,COMBO FIESTA (SIDRA DOLCE + NOVECENTO),1,0,5,32731.793,39605.469,40587.423,40587.423,Regla extrapolada
900102,COMBO FIESTA (SIDRA DEMI SEC + NOVECENTO),1,0,5,32731.793,39605.469,40587.423,40587.423,Regla extrapolada
900103,COMBO FIESTA CON EXTRA DULCE,1,0,5,52635.305,63688.719,65267.778,65267.778,Regla extrapolada
900104,COMBO 4.3 PEPSI - ON - AREA SUR,1,0,5,205410.296,262156.418,268318.727,268318.727,Regla extrapolada
900106,COMBO 2.3 500CC - ON - AREA SUR,1,0,5,100618.686,126087.378,129105.939,129105.939,Regla extrapolada
900108,COMBO 0.0% ALTO DROP,1,0,5,66157.769,80050.9,82035.633,82035.633,Regla extrapolada
900109,COMBO 0.0% BAJO DROP,1,0,5,17917.729,21680.452,22217.984,22217.984,Regla extrapolada
900110,COMBO 0.0% ALTO DROP,1,0,5,63288.536,76579.129,78477.785,78477.785,Regla extrapolada
900111,COMBO 0.0% BAJO DROP,1,0,5,34179.585,41357.298,42382.686,42382.686,Regla extrapolada
900113,"COMBO IMPERDIBLE! 96 bl Bidones Nestle 55% DTO + 40 bl Eco 1,5 25% DTO!",1,0,5,490998.213,601883.538,616613.484,616613.484,Regla extrapolada
900115,COMBO 1.2 LATAS - ON - AREA SUR,1,0,5,165962.164,209519.549,214498.414,214498.414,Regla extrapolada
900116,COMBO FIESTAS! 5,1,0,5,73090.785,88439.85,90632.574,90632.574,Regla extrapolada
900117,*SIN ALCOHOL  N°1*,1,0,5,27106.418,32798.766,33611.959,33611.959,Regla extrapolada
900118,*SIN ALCOHOL  N°2*,1,0,5,100680.982,121823.988,124844.417,124844.417,Regla extrapolada
900119,*SIN ALCOHOL N°1*,1,0,5,44619.187,53989.216,55327.792,55327.792,Regla extrapolada
900120,*SIN ALCOHOL N°2*,1,0,5,97572.647,118062.902,120990.081,120990.081,Regla extrapolada
900123,Combo Mix Stella 2,1,0,5,69487.627,92347.674,94432.303,94432.303,Regla extrapolada
900124,Combo Stella Sin cargo 2,1,0,5,69736.41,92511.211,94603.303,94603.303,Regla extrapolada
900125,"COMBO LOCO 1.1 (CON STILL 1,5LTS) - AREA SUR - 40%",1,0,5,28504.776,35751.667,36606.81,36606.81,Regla extrapolada
900126,"COMBO LOCO 2.7 (CON STILL 1,5LTS) - AREA SUR",1,0,5,32332.71,40346.891,41316.872,41316.872,Regla extrapolada
900133,COMBO LOCO 1.4-AREA SUR 40%,1,0,0,0,0,,,Regla extrapolada
900134,COMBO LOCO 1.2 (con still POM) - AREA SUR - 40%,1,0,5,19247.57,23999.059,24576.486,24576.486,Regla extrapolada
900135,COMBO LOCO 1.1 (con still POM) - AREA SUR - 40%,1,0,5,23950.976,30001.91,30720.439,30720.439,Regla extrapolada
900136,COMBO GTD - AREA SUR,1,0,5,34158.895,41332.263,42357.03,42357.03,Regla extrapolada
900137,COMBO STILL 2L KT - LANZAMIENTO,1,0,5,41010.567,52028.365,53258.682,53258.682,Regla extrapolada
900138,COMBO STILL 2L AS - LANZAMIENTO,1,0,5,41010.567,52028.365,53258.682,53258.682,Regla extrapolada
900141,COMBO LOCO AS x6,1,0,5,149405.112,188537.682,193019.835,193019.835,Regla extrapolada
900142,COMBO GTD - AS - AREA SUR,1,0,5,148283.104,179422.556,183871.049,183871.049,Regla extrapolada
900143,COMBO GTD - AS - AREA SUR,1,0,5,136635.582,165329.054,169428.121,169428.121,Regla extrapolada
900144,COMBO LOCO 1.3 - REF - AREA SUR,1,0,5,22209.974,27818.588,28484.887,28484.887,Regla extrapolada
900145,COMBO LOCO 2.3 - REF - AREA SUR,1,0,5,26274.546,32705.821,33494.057,33494.057,Regla extrapolada
900146,COMBO RED BULL 3x2 (segmento C) Marzo,1,0,5,17790.999,21527.109,22060.839,22060.839,Regla extrapolada
900147,COMBO RED BULL + AGUAS 50% OFF,1,0,5,12285.7,15025.322,15393.893,15393.893,Regla extrapolada
900148,COMBO RED BULL + GTD (segmento A y B),1,0,5,13303.775,16097.568,16496.681,16496.681,Regla extrapolada
900149,COMBO RED BULL 20% - OP 1,1,0,5,30795.38,37262.41,38186.271,38186.271,Regla extrapolada
900150,COMBO RED BULL 20% - OP 2,1,0,5,30795.38,37262.41,38186.271,38186.271,Regla extrapolada
900151,COMBO RED BULL 20% - OP 3,1,0,5,27391.742,33144.008,33965.76,33965.76,Regla extrapolada
900152,COMBO RED BULL 20% - OP 5,1,0,5,27391.742,33144.008,33965.76,33965.76,Regla extrapolada
900153,COMBO RED BULL 20% - OP 6,1,0,5,28323.979,34272.014,35121.733,35121.733,Regla extrapolada
900154,COMBO RED BULL 20%- OP 7,1,0,5,28323.979,34272.014,35121.733,35121.733,Regla extrapolada
900155,COMBO RED BULL 20% - OP 8,1,0,5,28323.979,34272.014,35121.733,35121.733,Regla extrapolada
900156,COMBO GTD 1.2 - AS - AREA SUR,1,0,5,152161.8,184115.778,188680.632,188680.632,Regla extrapolada
900157,COMBO GATORADE,1,0,5,36066.023,43639.888,44721.869,44721.869,Regla extrapolada
900158,COMBO LOCO 1.1 - AS - AREA SUR,1,0,5,95803.902,120007.641,122881.758,122881.758,Regla extrapolada
900159,COMBO LOCO 1.3 (sin GTD) - REF - AREA SUR,1,0,5,16117.484,20446.675,20930.2,20930.2,Regla extrapolada
900160,COMBO CNC UNG 1.1 - AREA SUR,1,0,5,10927.836,13376.732,13704.567,13704.567,Regla extrapolada
900161,COMBO RE LOCO,1,0,5,16218.5,20448.181,20934.736,20934.736,Regla extrapolada
900162,COMBO RE LOCO,1,0,5,21551.625,27288.244,27934.793,27934.793,Regla extrapolada
900165,COMBO H2OH! STILL 500CC - REF - AREA SUR,1,0,5,13485.381,17190.218,17594.779,17594.779,Regla extrapolada
900166,Combo Rubias AC,1,0,5,31457.774,41963.434,42907.167,42907.167,Regla extrapolada
900169,COMBO QUILMES Y MANÍ,1,0,5,16681.678,21069.561,21570.011,21570.011,Regla extrapolada
900170,COMBO QUILMES Y VINO,1,0,5,33399.905,41298.616,42300.613,42300.613,Regla extrapolada
900171,COMBO RED BULL,1,0,5,21242.984,25704.011,26341.301,26341.301,Regla extrapolada
900173,COMBO VINO DANTE + ESPUMANTE,1,0,5,39282.577,47531.918,48710.395,48710.395,Regla extrapolada
900174,*COMBO LATONES 2 - ALTO DROP* VIEJO,1,0,5,337182.787,448973.713,459089.197,459089.197,Regla extrapolada
900179,COMBO RED BULL,1,0,5,37175.222,44982.019,46097.276,46097.276,Regla extrapolada
900181,COMBO AGUAS PATAGONIA JUNIO-JULIO V1,1,0,5,750255.494,916103.228,938610.893,938610.893,Regla extrapolada
900182,COMBO LOCO,1,0,5,26626.464,33520.075,34318.869,34318.869,Regla extrapolada
900183,COMBO RED BULL,1,0,5,26553.73,32130.013,32926.625,32926.625,Regla extrapolada
900184,Combo Andes Origen Litro,1,0,5,101258.082,133566.804,136604.546,136604.546,Regla extrapolada
900185,COMBO LOCO,1,0,5,26626.464,33520.075,34318.869,34318.869,Regla extrapolada
900186,Combo LATA: Brahma + Quilmes,1,0,5,12814.909,17056.353,17440.8,17440.8,Regla extrapolada
900187,COMBO QUILMES CLÁSICA + DR LEGADO BLANCO,1,0,5,37443.982,48695.09,49818.409,49818.409,Regla extrapolada
900188,Copia Combo LATA: Brahma + 1890,1,0,5,10478.622,13940.371,14254.73,14254.73,Regla extrapolada
900189,COMBO GATORADE,1,0,5,35539.525,43002.825,44069.011,44069.011,Regla extrapolada
900191,COMBO LOCO,1,0,5,31064.208,39106.755,40038.681,40038.681,Regla extrapolada
900192,COMBO RE LOCO,1,0,5,32327.438,40932.366,41902.189,41902.189,Regla extrapolada
900193,*COMBO SIN ALCOHOL N°1* AGOSTO,1,0,5,32914.936,39827.073,40814.521,40814.521,Regla extrapolada
900194,*COMBO SIN ALCOHOL N°2* AGOSTO,1,0,5,123915.054,149937.216,153654.668,153654.668,Regla extrapolada
900195,*COMBO SIN ALCOHOL N°3* AGOSTO,1,0,5,54180.441,65558.333,67183.746,67183.746,Regla extrapolada
900196,*COMBO SIN ALCOHOL N°4* AGOSTO,1,0,5,120089.411,145308.188,148910.87,148910.87,Regla extrapolada
900197,*COMBO AO LITRO - REF*,1,0,5,26445.58,34895.535,35688.902,35688.902,Regla extrapolada
900198,*COMBO AO 473 - REF*,1,0,5,31678.007,42242.448,43192.788,43192.788,Regla extrapolada
900199,*COMBO PAT 730 - REF*,1,0,5,45004.323,59835.431,61185.561,61185.561,Regla extrapolada
900200,"LLEVA MAS, PAGA MENOS!!!!! 40% OFF!",1,0,5,14103.978,17496.475,17919.594,17919.594,Regla extrapolada
900201,*COMBO LATONES 1 - BAJO DROP*,1,0,5,45422.476,60491.877,61854.551,61854.551,Regla extrapolada
900203,COMBO LECHES,1,0,5,28168.621,34084.031,34929.09,34929.09,Regla extrapolada
900204,COMBO HARINA + ARROZ,1,0,5,14306.951,17311.411,17740.62,17740.62,Regla extrapolada
900205,37% OFF en Bidón Nestlé + Eco,1,0,5,29909.167,36747.409,37644.684,37644.684,Regla extrapolada
900206,*COMBO CORONA REF - PATAGONIA OP 1*,1,0,5,101263.964,131531.943,134569.862,134569.862,Regla extrapolada
900207,SUPER COMBO AGUAS 35%OFF,1,0,5,25634.661,31835.36,32604.4,32604.4,Regla extrapolada
900208,COMBO LOCO,1,0,5,20834.9,26401.664,27026.711,27026.711,Regla extrapolada
900209,COMBO GATORADE,1,0,5,35539.525,43002.825,44069.011,44069.011,Regla extrapolada
900210,COMBO GATORADE,1,0,5,35539.525,43002.825,44069.011,44069.011,Regla extrapolada
900211,COMBO RE LOCO,1,0,5,17570.041,22152.197,22679.298,22679.298,Regla extrapolada
900212,COMBO RED BULL SEPT,1,0,5,26553.73,32130.013,32926.625,32926.625,Regla extrapolada
900214,*COMBO VAR PATAGONIA - Patagonia*,1,0,5,32145.945,42739.593,43703.971,43703.971,Regla extrapolada
900215,*Combo Enemigo Premium - AD* OPC2,1,0,5,142291.877,189925.293,194194.049,194194.049,Regla extrapolada
900216,COMBO FAMILIARES,1,0,5,52728.639,66428.163,68010.022,68010.022,Regla extrapolada
900217,COMBO RED BULL OCTUBRE,1,0,5,13276.865,16065.007,16463.313,16463.313,Regla extrapolada
900218,2026 COMBO Merch 11,1,0,5,26467.896,32026.154,32820.191,32820.191,Regla extrapolada
900219,COMBO 2L,1,0,5,54134.409,68251.017,69875.049,69875.049,Regla extrapolada
900220,COMBO PEPSI,1,0,5,26904.026,34236.645,35043.766,35043.766,Regla extrapolada
900221,"COMBO 1,5 L",1,0,5,42580.614,53764.809,55042.227,55042.227,Regla extrapolada
900222,COMBO GATORADE 500ML,1,0,5,33000.988,39931.195,40921.225,40921.225,Regla extrapolada
900223,COMBO LOCO,1,0,5,22103.158,28015.594,28678.689,28678.689,Regla extrapolada
900224,COMBO RE LOCO,1,0,5,26020.37,32929.178,33709.789,33709.789,Regla extrapolada
900225,Super combo Aguas 35%OFF,1,0,5,18868.545,23440.847,24006.903,24006.903,Regla extrapolada
900226,COMBO ECO 500 + ECO 1.5L,1,0,5,15279.31,18954.515,19412.894,19412.894,Regla extrapolada
900227,4 CAJAS DE NOVECENTO + 2 DANTE: DTO EXCLUSIVO,1,0,5,77642.96,93947.982,96277.271,96277.271,Regla extrapolada
900228,*Combo AO lata bajo drop* OP2,1,0,5,26017.297,34676.208,35456.727,35456.727,Regla extrapolada
900229,*Combo AO lata alto drop* OP 2,1,0,5,315787.181,420946.256,430419.871,430419.871,Regla extrapolada
900230,COMBO Vinos,1,0,5,87511.614,105889.053,108514.401,108514.401,Regla extrapolada
900231,COMBO Vinos 2,1,0,5,87511.614,105889.053,108514.401,108514.401,Regla extrapolada
900232,COMBO Roger,1,0,5,19302.892,23356.5,23935.587,23935.587,Regla extrapolada
900233,Copia 37% OFF en Bidón Nestlé + Eco 2L,1,0,5,29909.167,36747.409,37644.684,37644.684,Regla extrapolada
900234,COMBO CNC CZA N2,1,0,5,14345.78,19093.838,19524.211,19524.211,Regla extrapolada
900235,Super Combo 40% OFF Bidón NPV 6.4 L + Eco 15.L,1,0,5,197303.94,240292.907,246212.025,246212.025,Regla extrapolada
900236,Super Combo 40% OFF Bidón NPV+ Eco 15.l,1,0,5,197303.922,240292.886,246212.004,246212.004,Regla extrapolada
900237,COMBO RED BULL DIC,1,0,5,20750.087,25107.605,25730.108,25730.108,Regla extrapolada
900238,COMBO PEPSI REF,1,0,5,7839.01,10004.747,10239.917,10239.917,Regla extrapolada
900239,COMBO H2O STILL,1,0,5,8990.254,11460.145,11729.853,11729.853,Regla extrapolada
900240,COMBO RE LOCO,1,0,5,25020.669,31646.83,32397.45,32397.45,Regla extrapolada
900241,2026 COMBO Merch 4,1,0,5,32407.727,39213.349,40185.581,40185.581,Regla extrapolada
900242,COMBO brunch birrero,1,0,5,22986.909,27814.16,28503.767,28503.767,Regla extrapolada
900243,COMBO lo como con birra,1,0,5,36905.727,44655.929,45763.101,45763.101,Regla extrapolada
900244,COMBO Rollo playero,1,0,5,30896.377,37384.616,38311.507,38311.507,Regla extrapolada
900245,*Combo Sin Alcohol Bajo Drop N1* Octubre,1,0,5,23430.876,28351.361,29054.287,29054.287,Regla extrapolada
900246,Super combo Aguas 32% OFF,1,0,5,67596.923,83681.215,85709.123,85709.123,Regla extrapolada
900247,Super Combo Aguas 32% OFF,1,0,5,19067.445,23604.667,24176.69,24176.69,Regla extrapolada
900248,COPIA COPIA 37% OFF EN BIDÓN NESTLÉ + ECO 2L,1,0,5,29909.167,36747.409,37644.684,37644.684,Regla extrapolada
900249,COPIA COPIA COPIA 37% OFF EN BIDÓN NESTLÉ + ECO 2L,1,0,5,29909.168,36747.41,37644.685,37644.685,Regla extrapolada
900250,COMBO El pack de brindis,1,0,5,26466.023,32023.888,32817.869,32817.869,Regla extrapolada
900251,COMBO El mas dulce del año,1,0,5,39998.14,48397.749,49597.693,49597.693,Regla extrapolada
900252,COMBO El dúo dinámico,1,0,5,38992.959,47181.481,48351.27,48351.27,Regla extrapolada
900253,COMBO La dupla eterna,1,0,5,52525.076,63555.342,65131.094,65131.094,Regla extrapolada
900256,COMBO El dúo dinamico!,1,0,5,52525.076,63555.342,65131.094,65131.094,Regla extrapolada
900257,COMBO El pack del brindis!,1,0,5,39998.14,48397.749,49597.693,49597.693,Regla extrapolada
900258,COMBO VOLUMEN LITRO - PATAGONIA,1,0,5,449150.46,593288.527,606763.041,606763.041,Regla extrapolada
900262,COMBO Pack navideño,1,0,5,39998.14,48397.749,49597.693,49597.693,Regla extrapolada
900263,COMBO Edición brindis,1,0,5,52525.076,63555.342,65131.094,65131.094,Regla extrapolada
900264,"COMBO ""COMPLETO""",1,0,5,141499.209,176103.641,180348.617,180348.617,Regla extrapolada
900266,COMBO CORONA,1,0,5,46705.657,62223.669,63624.839,63624.839,Regla extrapolada
900267,COMBO PEPSI 3L,1,0,5,648886.68,822277.79,841744.39,841744.39,Regla extrapolada
900268,COMBO GTD + RB FEB,1,0,5,21212.843,25667.54,26303.925,26303.925,Regla extrapolada
900269,Copia COMBO ECO 500 + ECO 1.5L,1,0,5,11753.315,14580.396,14932.995,14932.995,Regla extrapolada
900270,Copia Copia Copia 37% OFF en Bidón Nestlé + Eco 2L,1,0,5,29909.167,36747.409,37644.684,37644.684,Regla extrapolada
900271,*Combo SIN ALCOHOL N°2* OCTUBRE,1,0,5,123915.054,149937.216,153654.668,153654.668,Regla extrapolada
900272,COMBO MIRINDA,1,0,5,36294.262,45782.214,46871.042,46871.042,Regla extrapolada
900273,COMBO DUO VERANIEGO 2,1,0,5,29528.232,35729.161,36615.008,36615.008,Regla extrapolada
900274,COMBO LATONES ALTO DROP 7,1,0,5,404679.173,538985.924,551126.299,551126.299,Regla extrapolada
900275,"COMBO 1,5 + GTD",1,0,5,126593.133,159434.933,163232.727,163232.727,Regla extrapolada
900276,COMBO RE LOCO,1,0,5,25020.669,31646.83,32397.45,32397.45,Regla extrapolada
900277,Combo Premium BD,1,0,5,48600.526,64848.501,66306.517,66306.517,Regla extrapolada
900278,Combo Premium AD,1,0,5,512241.547,683533.656,698900.902,698900.902,Regla extrapolada
900279,COMBO 1.5L,1,0,5,32895.925,41532.906,42519.784,42519.784,Regla extrapolada
900281,COMBO LOCO PATAGONIA SUR,1,0,5,21222.644,27175.469,27812.148,27812.148,Regla extrapolada
900282,COMBO GTD - PATAGONIA,1,0,5,26400.79,31944.956,32736.98,32736.98,Regla extrapolada
900283,COMBO RE LOCO - PATAGONIA SUR,1,0,5,29353.01,36702.589,37583.179,37583.179,Regla extrapolada
900285,PATAGONIA - COMBO LATONES ALTO DROP 2,1,0,5,245343.989,326635.911,333996.231,333996.231,Regla extrapolada
900286,COMBO ANDES ORIGEN,1,0,5,52879.396,69982.422,71568.804,71568.804,Regla extrapolada
900287,COMBO STELLA ARTOIS,1,0,5,66502.762,88228.697,90223.78,90223.78,Regla extrapolada
900288,PATAGONIA COMBO LATONES - ALTO DROP 2,1,0,5,175901.479,234227.52,239504.564,239504.564,Regla extrapolada
900289,PATAGONIA - COMBO LATONES BAJO DROP 2,1,0,5,109821.761,146234.353,149529.006,149529.006,Regla extrapolada
900291,COMBO LIONEL PAT,1,0,5,27298.494,33389.082,34208.037,34208.037,Regla extrapolada
900292,2026 COMBO merch 12,1,0,5,35453.592,42898.846,43962.454,43962.454,Regla extrapolada
900293,2026 COMBO Merch 14,1,0,5,27053.644,32734.909,33546.518,33546.518,Regla extrapolada
900294,COMBO LATONES PATAGONIA,1,0,5,44474.979,59241.032,60575.281,60575.281,Regla extrapolada
900295,COMBO 0.0% SUR,1,0,5,24470.83,29609.704,30343.829,30343.829,Regla extrapolada
900296,COMBO 0.0 AREA SUR,1,0,5,25079.63,30346.353,31098.742,31098.742,Regla extrapolada
900297,COMBO LATONES PATAGONIA,1,0,5,45777.607,60964.997,62338.325,62338.325,Regla extrapolada
900299,*COMBO LATONES - BAJO DROP FEB*,1,0,5,45777.607,60964.997,62338.325,62338.325,Regla extrapolada
900300,COMBO CARNAVAL,1,0,5,78350.298,99690.079,102040.588,102040.588,Regla extrapolada
900301,COMBO H2Oh,1,0,5,24558.952,30425.295,31162.064,31162.064,Regla extrapolada
900303,COMBO GTD 500cc,1,0,5,35742.608,43248.556,44320.834,44320.834,Regla extrapolada
900304,COMBO GTD,1,0,5,66355.467,80290.115,82280.779,82280.779,Regla extrapolada
900306,COMBO GASEOSAS Y RED BULL,1,0,5,44827.172,56367.212,57712.027,57712.027,Regla extrapolada
900307,COMBO GASEOSAS,1,0,5,114092.546,144256.496,147679.272,147679.272,Regla extrapolada
900308,COMBO GASEOSAS 1.5L,1,0,5,48526.385,61406.625,62862.417,62862.417,Regla extrapolada
900309,COMBO GASEOSAS 1.5L,1,0,5,36569.233,46174.483,47271.56,47271.56,Regla extrapolada
900310,COMBO GASEOSAS,1,0,5,94162.207,118547.756,121372.622,121372.622,Regla extrapolada
900311,*COMBO LATONES - FEB OP3*,1,0,5,175901.479,234227.52,239504.564,239504.564,Regla extrapolada
900312,Combo H2Oh SS KT,1,0,5,11302.034,14407.04,14746.101,14746.101,Regla extrapolada
900314,COMBO GASEOSAS,1,0,5,28386.345,35836.864,36688.454,36688.454,Regla extrapolada
900315,COMBO GTD 500CC,1,0,5,17871.304,21624.278,22160.417,22160.417,Regla extrapolada
900316,COMBO GTD 500CC,1,0,5,35742.608,43248.556,44320.834,44320.834,Regla extrapolada
900317,"COMBO AGUAS BIDION GLACIAR + ECO 1,5LT PATAGONIA",1,0,5,246368.226,304481.93,311872.977,311872.977,Regla extrapolada
900318,*VUELTA AL COLE - PATAGONIA*,1,0,5,82324.365,104321.629,106791.36,106791.36,Regla extrapolada
900319,COMBO GTD 500CC,1,0,5,38179.604,46197.321,47342.709,47342.709,Regla extrapolada
900320,COMBO GTD,1,0,5,66355.467,80290.115,82280.779,82280.779,Regla extrapolada
900321,COMBO H2OH,1,0,5,48524.661,60841.729,62297.469,62297.469,Regla extrapolada
900322,COMBO GASEOSAS Y RED BULL,1,0,5,41104.866,51608.181,52841.327,52841.327,Regla extrapolada
900323,COMBO GASEOSAS + RED BULL,1,0,5,31461.994,39475.74,40419.6,40419.6,Regla extrapolada
900324,COMBO GASEOSAS + RED BULL,1,0,5,65991.183,83083.682,85063.417,85063.417,Regla extrapolada
900325,COMBO GASEOSAS + RED BULL,1,0,5,61993.364,78023.595,79883.396,79883.396,Regla extrapolada
900326,COMBO GASEOSAS,1,0,5,125422.333,158281.537,162044.207,162044.207,Regla extrapolada
900327,COMBO GASEOSAS,1,0,5,140232.312,176963.852,181170.821,181170.821,Regla extrapolada
900328,COMBO RE LOCO - PATAGONIA,1,0,5,53070.486,66715.077,68307.192,68307.192,Regla extrapolada
900329,COMBO CERVEZA: SIXPACK LATA QC + SIXPACK LATA BR,1,0,5,15121.592,20126.497,20580.145,20580.145,Regla extrapolada
900330,COMBO INDIVIDUALES,1,0,5,34254.143,43594.247,44621.871,44621.871,Regla extrapolada
900331,COMBO INDIVIDUALES,1,0,5,66568.495,84179.639,86176.694,86176.694,Regla extrapolada
900332,COMBO GATORADE,1,0,5,35742.608,43248.556,44320.834,44320.834,Regla extrapolada
900334,COMBO FAMILIARES,1,0,5,66010.417,83199.176,85179.489,85179.489,Regla extrapolada
900335,COMBO H2OH,1,0,5,43708.675,55574.289,56885.549,56885.549,Regla extrapolada
900336,COMBO H2OH,1,0,5,116150.498,145938.85,149423.365,149423.365,Regla extrapolada
900337,COMBO STELLA Y MICHELOB - REF PATAGONIA - 2,1,0,5,32504.765,43325.412,44300.555,44300.555,Regla extrapolada
900338,COMBO FAMILIARES - Patagonia 3,1,0,5,150227.738,189789.287,194296.119,194296.119,Regla extrapolada
900339,COMBO GATORADE - PAT,1,0,5,118811.009,143761.321,147325.651,147325.651,Regla extrapolada
900340,Combo Redbull a 25% OFF,1,0,5,19915.298,24097.51,24694.969,24694.969,Regla extrapolada
900341,"COMBO PEPSI 1,5L + 2L",1,0,5,33246.1,42268.906,43266.289,43266.289,Regla extrapolada
900342,COMBO GTD + RED BULL,1,0,5,20770.281,25132.04,25755.148,25755.148,Regla extrapolada
900343,COMBO GTD + RED BULL,1,0,5,20770.281,25132.04,25755.148,25755.148,Regla extrapolada
900344,COMBO GTD + RED BULL,1,0,5,20770.281,25132.04,25755.148,25755.148,Regla extrapolada
900345,COMBO GTD + RED BULL,1,0,5,20770.281,25132.04,25755.148,25755.148,Regla extrapolada
900346,COMBO RELAMPAGO,1,0,5,18015.746,22606.216,23146.688,23146.688,Regla extrapolada
900347,COMBO GTD MZN + RED BULL,1,0,5,16961242.62,20523103.57,21031940.849,21031940.849,Regla extrapolada
900348,COMBO GTD MZN/NAR/FT + RED BULL,1,0,5,12246157.14,14817850.139,15185234.853,15185234.853,Regla extrapolada
900349,COMBO GTD MZN + RED BULL,1,0,5,12246157.14,14817850.139,15185234.853,15185234.853,Regla extrapolada
900350,COMBO Individuales PEPSI - PAT 2,1,0,5,21503.963,27461.665,28106.784,28106.784,Regla extrapolada
900351,Combo Gatorade - PAT Abril,1,0,5,24065.336,29119.056,29841.016,29841.016,Regla extrapolada
900352,Combo 7up - PAT 1 Abril,1,0,5,33577.252,41611.068,42618.386,42618.386,Regla extrapolada
900353,COMBO PEPSI - PAT Sur Abril,1,0,5,32105.304,40820.322,41783.481,41783.481,Regla extrapolada
900354,Combo Redbull a 20% OFF,1,0,5,23714.385,28694.406,29405.838,29405.838,Regla extrapolada
900355,COMBO GIN CORTÁ LA SED - AREA SUR,1,0,5,40459.248,48955.69,50169.467,50169.467,Regla extrapolada
900357,Combo Redbull a 20% OFF,1,0,5,21242.984,25704.011,26341.301,26341.301,Regla extrapolada
900359,COMBO GATORADE + PEPSI,1,0,5,16913.57,20953.797,21461.204,21461.204,Regla extrapolada
900360,Combo Gatorade ZERO - SUR,1,0,5,8529.492,10320.685,10576.57,10576.57,Regla extrapolada
900361,*Combo Energía - Patagonia 2*,1,0,5,21220.233,26176.978,26813.585,26813.585,Regla extrapolada
900362,Combo Familiar Sabores - PAT 3,1,0,5,40130.554,50230.977,51434.894,51434.894,Regla extrapolada
900363,Combo 7up - PAT Sur Abril,1,0,5,29489.631,36559.889,37444.578,37444.578,Regla extrapolada
900364,Combo Familiares Pepsi - PAT SUR,1,0,5,45045.236,57304.421,58655.778,58655.778,Regla extrapolada
900365,Combo Familiar Sabores AS - PAT SUR,1,0,5,98315.22,124275.514,127224.971,127224.971,Regla extrapolada
900366,Combo Individuales Sabores - PAT 1,1,0,5,23262.288,29111.552,29809.421,29809.421,Regla extrapolada
900367,Combo Gatorade AS - PAT,1,0,5,38179.604,46197.321,47342.709,47342.709,Regla extrapolada
900368,Combo H2Oh Individuales - PAT,1,0,5,12072.627,15389.338,15751.517,15751.517,Regla extrapolada
900369,COMBO Merch mundial,1,0,5,27163.057,32867.298,33682.19,33682.19,Regla extrapolada
900370,COMBO RED BULL,1,0,5,21242.984,25704.011,26341.301,26341.301,Regla extrapolada
900372,*COMBO PEPSI - PAT Sur Mayo*,1,0,5,43933.731,55890.349,57208.361,57208.361,Regla extrapolada
900373,Combo Familiar Sabores - PAT Mayo,1,0,5,38151.066,48113.443,49257.975,49257.975,Regla extrapolada
900374,*Combo Familiar AS - PAT SUR*,1,0,5,82084.797,104003.792,106466.336,106466.336,Regla extrapolada
900375,Combo Individuales Sabores - PAT 1 Mayo,1,0,5,23633.401,29746.314,30455.316,30455.316,Regla extrapolada
900376,*COMBO GATORADE K+T - Julio*,1,0,5,22542.213,27276.078,27952.344,27952.344,Regla extrapolada
900377,*COMBO GATORADE AS - Julio*,1,0,5,30056.284,36368.104,37269.793,37269.793,Regla extrapolada
900378,COMBO PDT 1 - PAT Mayo,1,0,5,45542.453,57914.818,59281.092,59281.092,Regla extrapolada
900380,COMBO SURTIDO AGUAS - HASTA 26%,1,0,5,148969.053,182628.774,187097.846,187097.846,Regla extrapolada
900384,COMBO REDBULL A 18% OFF,1,0,5,21774.059,26346.611,26999.833,26999.833,Regla extrapolada
900385,Combo Gatorade ZERO,1,0,5,7960.859,9632.64,9871.466,9871.466,Regla extrapolada
900386,COMBO ENERGIA - PATAGONIA,1,0,5,32716.608,40150.946,41132.444,41132.444,Regla extrapolada
900387,COMBO SS SABORES 1 - PAT SUR 1,1,0,5,18485.354,23472.178,24026.739,24026.739,Regla extrapolada
900388,COMBO LOCO - PAT 1,1,0,5,17514.496,22158.275,22683.71,22683.71,Regla extrapolada
900389,COMBO MS SABORES - PAT,1,0,5,41955.673,52279.026,53537.696,53537.696,Regla extrapolada
900390,COMBO CONVIVENCIA PEPSI - PAT SUR,1,0,5,31321.393,39823.569,40763.211,40763.211,Regla extrapolada
900391,*COMBO MIRINDA - SUR*,1,0,5,32277.665,40747.75,41716.08,41716.08,Regla extrapolada
900392,*COMBO GTD 750cc*,1,0,5,30473.718,36873.199,37787.411,37787.411,Regla extrapolada
900394,COMBO 0.0 LOGISTICA TOTAL  KT (JUNIO),1,0,5,22555.896,27292.634,27969.311,27969.311,Regla extrapolada
900395,Combo Eco 500 + GATORADE Tropical HASTA 25% OFF,1,0,5,18685.954,22953.939,23514.518,23514.518,Regla extrapolada
900396,"Combo Eco 1,5lT + Pepsi 2lt HASTA 18% OFF",1,0,5,26603.625,33529.53,34327.639,34327.639,Regla extrapolada
900397,COMBO LATAS - PAT SUR,1,0,5,19929.833,25272.527,25870.422,25870.422,Regla extrapolada
900398,COMBO PET 500 - PAT 4,1,0,5,26523.79,33618.713,34414.427,34414.427,Regla extrapolada
900399,COMBO 0.0 KT (JUNIO),1,0,5,23202.188,28074.648,28770.714,28770.714,Regla extrapolada
900401,COMBO ENERGIA,1,0,5,20559.676,24877.208,25493.998,25493.998,Regla extrapolada
900402,Combo full energy,1,0,5,24270.27,33786.424,34514.532,34514.532,Regla extrapolada
900403,COMBO H2OH,1,0,5,17793.25,22611.87,23145.668,23145.668,Regla extrapolada
900404,COMBO SABORIZADAS,1,0,5,6421.61,8185.818,8378.466,8378.466,Regla extrapolada
900405,COMBO BLACK,1,0,5,12109.335,15435.345,15798.625,15798.625,Regla extrapolada
900406,COMBO BLACK,1,0,5,7641.811,9761.402,9990.656,9990.656,Regla extrapolada
900407,COMBO MICHELOB - PATAGONIA - KT,1,0,5,15474.44,20607.736,21071.969,21071.969,Regla extrapolada
900408,COMBO PEPSI - SUR,1,0,5,31321.393,39823.569,40763.211,40763.211,Regla extrapolada
900409,COMBO 7UP - PAT,1,0,5,32637.492,40446.109,41425.234,41425.234,Regla extrapolada
900410,COMBO 1500cc - PAT,1,0,5,38235.875,48280.724,49427.8,49427.8,Regla extrapolada
900411,COMBO ENERGÍA - PAT,1,0,5,21621.825,26162.409,26811.064,26811.064,Regla extrapolada
900412,COMBO LOCO KIOSCOS - PAT,1,0,5,8280.215,10236.053,10484.459,10484.459,Regla extrapolada
900413,COMBO LOCO JULIO - PAT,1,0,5,21938.18,27227.413,27885.558,27885.558,Regla extrapolada
900416,COMBO MUNDIAL: 2X1 EN LITRO Y LATA QUILMES.,1,0,5,61759.53,81750.731,83603.517,83603.517,Regla extrapolada
900417,COMBO MUNDIAL: 2X1 EN LITRO Y LATON QUILMES.,1,0,5,61713.3,81674.913,83526.312,83526.312,Regla extrapolada
900418,COMBO MUNDIAL: 2X1 EN LATA Y LATON QUILMES.,1,0,5,65586.35,87291.784,89259.375,89259.375,Regla extrapolada
900419,COMBO MUNDIAL QUILMES - PATAGONIA - REF,1,0,5,32249.91,42703.076,43670.573,43670.573,Regla extrapolada
900420,"Combo ECO 1,5L con & sin gas con un 16% OFF",1,0,5,23553.902,29158.706,29865.323,29865.323,Regla extrapolada
900421,"Combo Bidon Nestle 16% + Eco 1,5 + Eco 2 Lt 20% OFF",1,0,5,105292.533,129234.077,132392.853,132392.853,Regla extrapolada
900422,Combo ECO 850cc + Glaciar Go 750cc 26% OFF,1,0,5,12997.264,16127.703,16517.621,16517.621,Regla extrapolada
900423,Combo RED BULL con un 20% OFF,1,0,5,44957.369,54398.417,55747.138,55747.138,Regla extrapolada
900424,Combo Redbull a 10% OFF,1,0,5,23898.357,28917.012,29633.963,29633.963,Regla extrapolada
900425,Combo ECO 500 con & sin gas con un 26% OFF,1,0,5,21481.112,26686.503,27330.936,27330.936,Regla extrapolada
900426,"Combo Bidon Glaciar 6.4 + Eco 1,5 + Eco 2 Lt  16% OFF",1,0,5,117031.589,144712.678,148223.626,148223.626,Regla extrapolada
900427,"Combo ECO 1,5L + BIDON Glaciar 6.4. 16% OFF",1,0,5,15818.065,19554.718,20029.26,20029.26,Regla extrapolada
900428,COMBO LATONES - BRAHMA Y QUILMES - PATAGONIA,1,0,5,37552.284,50019.632,51146.201,51146.201,Regla extrapolada
900429,COMBO STELLA PORRON 330 LAGER + PURE GOLD,1,0,5,22503.299,29994.516,30669.615,30669.615,Regla extrapolada
900430,PROMO STELLA LATA 10% LAGER + PURE GOLD PATAGONIA,1,0,5,23746.577,31692.184,32404.581,32404.581,Regla extrapolada
900431,Combo 3L + GTD - PATAGONIA,1,0,5,846702.339,1042400.827,1067801.897,1067801.897,Regla extrapolada
900432,"Combo NS 2,25 + GTD - PATAGONIA",1,0,5,760559.482,933119.767,955936.551,955936.551,Regla extrapolada
900433,COMBO 3L + GTD 500 - PAT MAY,1,0,5,588650.867,731220.594,748880.12,748880.12,Regla extrapolada
900434,"COMBO NS 2,25 + GTD 500 - PATAGONIA",1,0,5,528252.819,655905.521,671753.106,671753.106,Regla extrapolada
900435,COMBO AS GASEOSAS FAM - PATAGONIA SUR,1,0,5,316680.343,399518.155,409018.565,409018.565,Regla extrapolada
900436,COMBO K+T GASEOSAS FAM - PATAGONIA SUR,1,0,5,158532.572,199783.759,204539.736,204539.736,Regla extrapolada
900437,COMBO MAY GASEOSAS FAM - PATAGONIA SUR,1,0,5,909965.563,1148760.291,1176059.258,1176059.258,Regla extrapolada
null,,,,,,,,,Regla extrapolada
