sucursal,sku,descripcion,unidades_bulto,vencimiento,estado,stock_lote_bultos,orden_lote,dias_bloqueo
Trelew,30793,PEPSI BLACK CAN 4X6 354CC 2024,24,2026-10-07,ACCIONAR,87.5833333333,1,17
Trelew,32642,PATAGONIA IPA OW X6 730CC TERMO,6,2026-10-10,ACCIONAR,735,1,20
Trelew,44489,STELLA ARTOIS 0.0 SY CAN 4X6 473CC CART,24,2026-10-12,ACCIONAR,177.75,1,22
Trelew,8067,H2OH LIMONETO  X8 PET2250,8,2026-10-14,ACCIONAR,32.875,1,24
Trelew,31601,H2OH STILL LIMON PET X8 2000CC,8,2026-10-15,ACCIONAR,48,1,25
Trelew,31206,ANDES ORIGEN RUBIA 2.0 CAN 4X4 710CC,16,2026-10-25,ACCIONAR,401.8125,1,35
Trelew,24118,ROCKSTAR OW BOT X6 500CC,6,2026-10-31,ACCIONAR,386,1,41
Trelew,29649,STELLA ARTOIS CAN 4X4 710CC,16,2026-11-02,ACCIONAR,270,2,43
Trelew,31074,PDT POMELO CAN 4X6 269CC 169 BULTOS,24,2026-11-02,ACCIONAR,236.3333333333,1,43
Trelew,28698,STELLA ARTOIS 0.0% OW 4X6 330CC,24,2026-11-04,ACCIONAR,80.5,1,45
Trelew,16225,PATAGONIA AMBER CAN 4X6 473 CART,24,2026-11-22,ACCIONAR,116.25,1,63
Trelew,32489,H2OH S/GAS NARANJA PET X6 500CC,6,2026-11-30,ACCIONAR,255,1,71
Trelew,31354,ANDES ORIGEN RUBIA ORO CAN 4X6 473CC,24,2026-12-28,ACCIONAR,362.3333333333,1,96
Trelew,1413,GATORADE NARANJA * X6 PET 500,6,2027-01-03,ACCIONAR,315,2,105
Trelew,29799,RED BULL FRUTA DEL DRAGON CAN 6X4 250CC,24,2027-01-29,ACCIONAR,283.1666666667,1,131
Trelew,30477,MIRINDA NAR CAN 130 BUL/PAL 4X6 354CC,24,2026-10-09,OK,19.125,1,19
Trelew,15621,PATAGONIA IPA CAN 4X6 473 CART,24,2026-10-10,OK,28.5,1,20
Trelew,18354,PATAGONIA IPA OW X6 730,6,2026-10-10,OK,0.1666666667,1,20
Trelew,44489,STELLA ARTOIS 0.0 SY CAN 4X6 473CC CART,24,2026-10-13,OK,54.75,2,23
Trelew,30974,7UP PET X6 500CC NF 2024,6,2026-10-14,OK,87,1,24
Trelew,28691,BUDWEISER CAN 4X4 710CC,16,2026-10-20,OK,59.5625,1,30
Trelew,29649,STELLA ARTOIS CAN 4X4 710CC,16,2026-10-20,OK,38.3125,1,30
Trelew,24116,PDTOROS PET POM SIN AZUCARES X6 1500CC,6,2026-10-22,OK,7.8333333333,1,32
Trelew,30789,PEPSI BLACK PET X8 2.000CC 2024,8,2026-10-22,OK,0.5,1,32
Trelew,46729,GATORADE NS MORAS PET X6 400CC,6,2026-10-25,OK,199,1,35
Trelew,46587,GATORADE NS FRESA KIWI PET X6 40,6,2026-10-26,OK,40,1,36
Trelew,29814,H2OH STILL MANZANA PET X6 500CC,6,2026-10-31,OK,30,1,41
Trelew,16667,ANDES ORIGEN ROJA RET X12 1000,12,2026-11-01,OK,14,1,42
Trelew,30978,7UP FREE PET X6 1500CC 2024,6,2026-11-05,OK,82,1,46
Trelew,24118,ROCKSTAR OW BOT X6 500CC,6,2026-11-06,OK,44.8333333333,2,47
Trelew,31073,PDT TONICA CAN 4X6 269CC 169 BULTOS,24,2026-11-06,OK,167.1666666667,1,47
Trelew,8101,MIRINDA NARANJA * X6 PET3000#,6,2026-11-07,OK,273.3333333333,1,48
Trelew,30478,7UP FREE CAN 130 BUL/PAL 4X6 354CC,24,2026-11-10,OK,42.2083333333,1,51
Trelew,30843,H2OH STILL LIMON PET X6 1.500L 96 BUL,6,2026-11-13,OK,10,1,54
Trelew,30972,7UP PET X6 1500CC NF 2024,6,2026-11-13,OK,185.8333333333,1,58
Trelew,31215,QUILMES 0.0 2.0 CAN 4X6 473CC,24,2026-11-14,OK,64.875,1,55
Trelew,31600,H2OH STILL POMELO PET X8 2000CC,8,2026-11-14,OK,25,1,55
Trelew,30647,PEPSI 70KCAL PET X6 3000CC,6,2026-11-18,OK,36.1666666667,1,63
Trelew,28846,QUILMES IPA RET X12 1000CC,12,2026-11-19,OK,23.8333333333,1,60
Trelew,30978,7UP FREE PET X6 1500CC 2024,6,2026-11-19,OK,120,2,60
Trelew,30790,PEPSI BLACK PET X6 1.500CC 2024,6,2026-11-20,OK,32,1,61
Trelew,30842,H2OH STILL POMELO PET X6 1.500L 96 BUL,6,2026-11-23,OK,0.8333333333,1,64
Trelew,1413,GATORADE NARANJA * X6 PET 500,6,2026-11-24,OK,21,1,65
Trelew,24929,STELLA ARTOIS PM OW 4X6 330CC,24,2026-11-24,OK,41.8333333333,1,65
Trelew,30644,PEPSI 70KCAL PET X6 1500CC,6,2026-11-25,OK,614,1,70
Trelew,30645,PEPSI 70KCAL PET X8 2000CC,8,2026-11-25,OK,352,1,70
Trelew,7478,MIRINDA NARANJA * X6 PET1500#,6,2026-11-27,OK,40,1,68
Trelew,30840,H2OH STILL MANZANA PET X6 1.500L 96 BUL,6,2026-11-27,OK,49,1,68
Trelew,29815,H2OH STILL LIMON PET X6 500CC,6,2026-11-29,OK,95,1,70
Trelew,47627,MICHELOB ULTRA OW 4X6 275CC EXP,24,2026-11-30,OK,87.625,1,71
Trelew,30789,PEPSI BLACK PET X8 2.000CC 2024,8,2026-12-02,OK,240,2,73
Trelew,25194,MIRINDA NARANJA PET X6 500CC,6,2026-12-03,OK,336,1,74
Trelew,28691,BUDWEISER CAN 4X4 710CC,16,2026-12-05,OK,381,2,76
Trelew,30644,PEPSI 70KCAL PET X6 1500CC,6,2026-12-08,OK,240,2,83
Trelew,30647,PEPSI 70KCAL PET X6 3000CC,6,2026-12-08,OK,360,2,83
Trelew,627,MIRINDA NARANJA * X8 PET2250,8,2026-12-09,OK,277,1,80
Trelew,30647,PEPSI 70KCAL PET X6 3000CC,6,2026-12-09,OK,600,3,84
Trelew,12723,PATAGONIA SLIMKEG 0 20 L IPA CON SAUCO,1,2026-12-10,OK,2,1,81
Trelew,22619,MIRINDA POMELO PET X8 2250CC,8,2026-12-10,OK,141.875,1,81
Trelew,8101,MIRINDA NARANJA * X6 PET3000#,6,2026-12-11,OK,119,2,82
Trelew,30974,7UP PET X6 500CC NF 2024,6,2026-12-11,OK,336,2,82
Trelew,30970,7UP PET X6 3000CC NF 2024,6,2026-12-12,OK,1515.6666666667,1,87
Trelew,30972,7UP PET X6 1500CC NF 2024,6,2026-12-12,OK,240,2,87
Trelew,30977,7UP FREE PET X8 2250CC 2024,8,2026-12-12,OK,67,1,83
Trelew,32492,H2OH S/GAS NARANJA PET X6 1500CC,6,2026-12-13,OK,27,1,84
Trelew,30648,PEPSI 70KCAL 4X6 354CC,24,2026-12-14,OK,77.9166666667,1,85
Trelew,19253,ANDES ORIGEN IPA RET X12 1000,12,2026-12-15,OK,52,1,86
Trelew,25978,GATORADE NARANJA PET X6 1250CC,6,2026-12-15,OK,43,1,86
Trelew,7463,H2OH LIMONETO  X6 PET1500#,6,2026-12-16,OK,100,1,87
Trelew,7465,H2OH CITRUS  X6 PET1500#,6,2026-12-16,OK,89,1,87
Trelew,8067,H2OH LIMONETO  X8 PET2250,8,2026-12-16,OK,60,2,87
Trelew,30663,PEPSI 70KCAL PET X6 500CC,6,2026-12-16,OK,950.5,1,87
Trelew,13950,PEPSI PET X8 2250 BLACK,8,2026-12-17,OK,538,1,88
Trelew,30977,7UP FREE PET X8 2250CC 2024,8,2026-12-17,OK,41.125,2,88
Trelew,591,MIRINDA MANZANA * X8 PET2250,8,2026-12-19,OK,42.625,1,90
Trelew,24116,PDTOROS PET POM SIN AZUCARES X6 1500CC,6,2026-12-19,OK,120,2,90
Trelew,30481,SEVEN-UP NF CAN 130 BUL/PAL 4X6 354CC,24,2026-12-20,OK,83.7916666667,1,91
Trelew,25645,PDT POM PET X6 500CC,6,2026-12-25,OK,327,1,96
Trelew,30645,PEPSI 70KCAL PET X8 2000CC,8,2026-12-25,OK,302.875,2,100
Trelew,47489,7UP PET X8 2000CC,8,2026-12-25,OK,702.875,1,100
Trelew,19254,ANDES ORIGEN IPA CAN 4X6 473,24,2026-12-26,OK,55.4583333333,1,97
Trelew,30977,7UP FREE PET X8 2250CC 2024,8,2026-12-27,OK,360,3,98
Trelew,31602,H2OH STILL MANZANA PET X8 2000CC,8,2026-12-27,OK,26,1,98
Trelew,30648,PEPSI 70KCAL 4X6 354CC,24,2026-12-28,OK,260,2,99
Trelew,30648,PEPSI 70KCAL 4X6 354CC,24,2026-12-29,OK,24.25,3,100
Trelew,30645,PEPSI 70KCAL PET X8 2000CC,8,2026-12-30,OK,480,3,105
Trelew,7634,BRAHMA - 4X6 LAT 473,24,2027-01-01,OK,262.375,1,107
Trelew,78142,ARROZ LF MOLINOS ALA X10 500GR,10,2027-01-01,OK,0.5,1,103
Trelew,1422,GATORADE UVA * X6 PET 500,6,2027-01-04,OK,193,1,106
Trelew,24929,STELLA ARTOIS PM OW 4X6 330CC,24,2027-01-04,OK,10.8333333333,2,106
Trelew,32640,PATAGONIA VERA IPA OW X6 730CC TERMO,6,2027-01-04,OK,623,1,106
Trelew,1418,GATORADE COOLBLU * X6 PET 500,6,2027-01-09,OK,312,1,111
Trelew,28263,QUILMES IPA CAN 4X6 473CC,24,2027-01-09,OK,348.75,1,111
Trelew,1416,GATORADE MANZANA * X6 PET 500,6,2027-01-10,OK,85,1,112
Trelew,30481,SEVEN-UP NF CAN 130 BUL/PAL 4X6 354CC,24,2027-01-10,OK,130,2,112
Trelew,11522,GATORADE FRU TRO * X6 PET 500#,6,2027-01-11,OK,5,1,113
Trelew,24248,STELLA ARTOIS OW X6 710CC,6,2027-01-14,OK,5.5,1,116
Trelew,14934,ECO DE LOS ANDES CG PET X12 500 MIX 203,12,2027-01-17,OK,114,1,119
Trelew,25981,GATORADE COOL BLUE PET X6 1250CC,6,2027-01-17,OK,116,1,119
Trelew,10810,MIRINDA MANZANA * X6 PET3000,6,2027-01-19,OK,101,1,121
Trelew,31365,PATAGONIA LAGER DEL SUR OW X6 730CC,6,2027-01-19,OK,355.5,1,121
Trelew,31206,ANDES ORIGEN RUBIA 2.0 CAN 4X4 710CC,16,2027-01-20,OK,192,2,122
Trelew,20987,PATAGONIA VERA IPA EURO KEG 20L,1,2027-01-21,OK,1,1,123
Trelew,19253,ANDES ORIGEN IPA RET X12 1000,12,2027-01-24,OK,300,2,126
Trelew,19253,ANDES ORIGEN IPA RET X12 1000,12,2027-01-25,OK,50,3,127
Trelew,17933,ANDES ORIGEN NEGRA CAN 4X6 473,24,2027-01-27,OK,120.2083333333,1,129
Trelew,7475,PASO DLT POMELO * X6 PET1500#,6,2027-01-30,OK,468.6666666667,1,132
Trelew,31557,MICHELOB ULTRA GLUT FREE CAN 4X6 473CC,24,2027-01-31,OK,307.5,1,133
Trelew,14638,GATORADE FRUTAS TROP PET X6 750 204,6,2027-02-01,OK,202,1,134
Trelew,14638,GATORADE FRUTAS TROP PET X6 750 204,6,2027-02-02,OK,148,2,135
Trelew,24931,STELLA ART NOIRE PM CAN 4X6 473CC CART,24,2027-02-02,OK,129.25,1,135
Trelew,47488,PDT POMELO PET X8 2000CC,8,2027-02-03,OK,229,1,136
Trelew,47488,PDT POMELO PET X8 2000CC,8,2027-02-04,OK,120,2,137
Trelew,51290,QUILMES 1890 CAN 4X4 710CC,16,2027-02-04,OK,565.25,1,137
Trelew,24878,STELLA ARTOIS PM CAN 4X6 473CC CART,24,2027-02-06,OK,283.7083333333,1,139
Trelew,49807,STELLA PURE GOLD CAN 4X6 473CC T,24,2027-02-06,OK,25.4583333333,1,139
Trelew,591,MIRINDA MANZANA * X8 PET2250,8,2027-02-09,OK,60,2,142
Trelew,31205,ANDES ORIGEN RUBIA 2.0 CAN 4X6 473CC,24,2027-02-11,OK,236.5833333333,1,144
Trelew,31357,PATAGONIA LAGER DEL SUR CAN 4X6 473CC,24,2027-02-13,OK,13.5,1,146
Trelew,7476,PASO DLT TONICA * X6 PET1500#,6,2027-02-15,OK,232,1,148
Trelew,7476,PASO DLT TONICA * X6 PET1500#,6,2027-02-16,OK,229,2,149
Trelew,32495,QUILMES BAJO CERO CAN 4X6 473CC TT,24,2027-02-16,OK,64.25,1,149
Trelew,19254,ANDES ORIGEN IPA CAN 4X6 473,24,2027-02-18,OK,600,2,151
Trelew,19026,BUD CAN 4X6 473 CMQ,24,2027-02-19,OK,323.0416666667,1,152
Trelew,29743,QUILMES 1890 CAN X24 473CC SMK,24,2027-03-01,OK,1712.375,1,166
Trelew,7634,BRAHMA - 4X6 LAT 473,24,2027-03-03,OK,100,2,168
Trelew,7634,BRAHMA - 4X6 LAT 473,24,2027-03-08,OK,200,3,173
Trelew,17932,ANDES ORIGEN ROJA CAN 4X6 473,24,2027-03-12,OK,248.1666666667,1,173
Trelew,29743,QUILMES 1890 CAN X24 473CC SMK,24,2027-03-12,OK,428.5416666667,2,177
Trelew,29740,QUILMES 1890 RET X12 1L SMK,12,2027-03-13,OK,1242.3333333333,1,178
Trelew,7026,QUILMES - X12 1000RET,12,2027-03-14,OK,1091.0833333333,1,179
Trelew,29740,QUILMES 1890 RET X12 1L SMK,12,2027-03-14,OK,900,2,179
Trelew,7026,QUILMES - X12 1000RET,12,2027-03-15,OK,203,2,180
Trelew,7038,BRAHMA - X12 1000RET#,12,2027-03-20,OK,384.1666666667,1,185
Trelew,30551,CORONA CAN 4X6 473CC AR,24,2027-03-23,OK,88,1,184
Trelew,31242,QUILMES CLASICA CAN 4X4 710CC,16,2027-03-25,OK,437.875,1,186
Trelew,7026,QUILMES - X12 1000RET,12,2027-03-28,OK,700,3,193
Trelew,2218,QUILMES - 4X6 LAT 473,24,2027-04-03,OK,961.8333333333,1,199
Trelew,19019,BUD RET X12 1000 CMQ,12,2027-04-03,OK,187.6666666667,1,195
Trelew,14625,GATORADE MANZANA PET X6 750 204,6,2027-04-04,OK,302,1,196
Trelew,24880,STELLA ARTOIS PM RET X12 975CC,12,2027-04-05,OK,342,1,201
Trelew,2218,QUILMES - 4X6 LAT 473,24,2027-04-08,OK,600,2,204
Trelew,31242,QUILMES CLASICA CAN 4X4 710CC,16,2027-04-08,OK,1152,2,200
Trelew,14624,GATORADE COOL BLUE PET X6 750 204,6,2027-04-10,OK,147,1,202
Trelew,31434,BRAHMA CAN 4X4 710CC,16,2027-04-12,OK,348.8125,1,204
Trelew,32259,3P-LECHE PARC DESCREM APOSTOLES X12 1L,12,2027-04-12,OK,22,1,196
Trelew,32261,3P-LECHE UAT P.DESCREM ANGELITA X12 1L,12,2027-04-13,OK,27,1,197
Trelew,31434,BRAHMA CAN 4X4 710CC,16,2027-04-14,OK,768,2,206
Trelew,58089,RB ZERO CAN 6X4 250CC,24,2027-04-15,OK,64.5,1,207
Trelew,24598,CORONA 4X6 OW 330CC PROMO,24,2027-04-16,OK,185.5,1,208
Trelew,29740,QUILMES 1890 RET X12 1L SMK,12,2027-04-17,OK,1100,3,213
Trelew,25980,GATORADE FRUTAS PET X6 1250CC,6,2027-04-18,OK,55,1,210
Trelew,29743,QUILMES 1890 CAN X24 473CC SMK,24,2027-04-18,OK,2200,3,214
Trelew,32258,3P-LECHE LIVIANA 2% APOSTOLES X12 1L,12,2027-04-20,OK,34,1,212
Trelew,32260,3P-LECHE CLASICA LIVIANA ANGELITA X12 1L,12,2027-04-21,OK,169,1,213
Trelew,2218,QUILMES - 4X6 LAT 473,24,2027-04-22,OK,400,3,218
Trelew,25978,GATORADE NARANJA PET X6 1250CC,6,2027-04-23,OK,110,2,215
Trelew,25979,GATORADE APPLE PET X6 1250CC,6,2027-04-25,OK,105,1,217
Trelew,11522,GATORADE FRU TRO * X6 PET 500#,6,2027-04-26,OK,315,2,218
Trelew,51290,QUILMES 1890 CAN 4X4 710CC,16,2027-04-27,OK,570.375,2,219
Trelew,34752,CORONA 0.0 CAN 4X6 473CC CART,24,2027-05-11,OK,11.75,1,233
Trelew,13503,QUILMES STOUT CAN 4X6 473,24,2027-05-16,OK,15.6666666667,1,238
Trelew,18355,PATAGONIA AMBER OW X6 730,6,2027-05-16,OK,386,1,238
Trelew,32638,PATAGONIA AMBER OW X6 730CC TERM,6,2027-05-16,OK,65,1,238
Trelew,32710,RED BULL SUMMER EDITION CAN 6X4,24,2027-05-28,OK,66.6666666667,1,250
Trelew,7030,QUILMES STOUT NEGRA X12 1000RET,12,2027-06-05,OK,532,1,258
Trelew,8064,GLACIAR AGUAS/G * X6 PET1500#,6,2027-06-10,OK,497,1,263
Trelew,16372,RED BULL SUGAR FREE CAN 6X4 250,24,2027-06-15,OK,98.7916666667,1,268
Trelew,20433,CORONA OW X12 710,12,2027-06-17,OK,809.9166666667,1,270
Trelew,32193,CORONA 0.0 OW 6X4 330CC CLUSTER 4PACK,24,2027-06-19,OK,83.2916666667,1,272
Trelew,32193,CORONA 0.0 OW 6X4 330CC CLUSTER 4PACK,24,2027-06-20,OK,11.125,2,273
Trelew,13503,QUILMES STOUT CAN 4X6 473,24,2027-06-30,OK,200,2,283
Trelew,21014,ECO DE LOS ANDES SG PET X6 2000 PR 115 P,6,2027-07-01,OK,208,1,284
Trelew,2439,ECO ANDES AGUAS/G * X6 PET1500#,6,2027-07-06,OK,47.6666666667,1,289
Trelew,14933,ECO DE LOS ANDES SG PET X12 500 MIX 203,12,2027-07-06,OK,340,1,289
Trelew,32707,GLACIAR PET X2 6.400CC,2,2027-07-13,OK,454,1,296
Trelew,18743,NPV SG PET X6 1500 PR 1.5L S/G,6,2027-07-16,OK,45,1,299
Trelew,18744,NPV SG PET X6 2250 PR 2.25L S/G,6,2027-07-28,OK,167.3333333333,1,311
Trelew,2439,ECO ANDES AGUAS/G * X6 PET1500#,6,2027-07-29,OK,280,2,312
Trelew,21014,ECO DE LOS ANDES SG PET X6 2000 PR 115 P,6,2027-07-31,OK,139,2,314
Trelew,14933,ECO DE LOS ANDES SG PET X12 500 MIX 203,12,2027-08-03,OK,67,2,317
Trelew,18694,NPV SG PET X12 500 PR 0.5L S/G,12,2027-08-03,OK,327,1,314
Trelew,18694,NPV SG PET X12 500 PR 0.5L S/G,12,2027-08-04,OK,189,2,315
Trelew,32191,"NESTLE PUREZA VITAL PET X2 6,4L",2,2027-08-06,OK,492,1,320
Trelew,32293,GLACIAR SG PET X12 500CC 208 PACKS,12,2027-08-06,OK,335,1,320
Trelew,8064,GLACIAR AGUAS/G * X6 PET1500#,6,2027-08-11,OK,395,2,325
Trelew,18743,NPV SG PET X6 1500 PR 1.5L S/G,6,2027-08-11,OK,197,2,325
Trelew,32191,"NESTLE PUREZA VITAL PET X2 6,4L",2,2027-08-11,OK,1,2,325
Trelew,22185,GLACIAR SG PET X6 750 222 PC,6,2027-08-18,OK,238,1,332
Trelew,32537,GLACIAR PET X6 2L,6,2027-08-25,OK,437,1,339
Trelew,16371,RED BULL CAN 6X4 250,24,2028-01-12,OK,94.1666666667,1,479
Trelew,22256,RED BULL REGULAR CAN 6X4 355CC,24,2028-03-03,OK,96.125,1,530
Trelew,32263,3P - YERBA C/P PLAYADITO X5 1KG,5,2028-04-22,OK,0.4,1,580
Trelew,31204,ANDES ORIGEN RUBIA 2.0 RET X12 1000CC,12,2026-09-19,ELIMINAR,0.0833333333,1,BLOQUEADO
Madryn,10969,PATAGO AMBER - X1 BAR 20L,1,2026-09-25,ACCIONAR,11,1,5
Madryn,12723,PATAGONIA SLIMKEG 0 20 L IPA CON SAUCO,1,2026-10-02,ACCIONAR,20,1,12
Madryn,30793,PEPSI BLACK CAN 4X6 354CC 2024,24,2026-10-07,ACCIONAR,96.9583333333,1,17
Madryn,24931,STELLA ART NOIRE PM CAN 4X6 473CC CART,24,2026-10-08,ACCIONAR,49.875,1,18
Madryn,29816,H2OH STILL POMELO PET X6 500CC,6,2026-10-09,ACCIONAR,156.8333333333,1,19
Madryn,32642,PATAGONIA IPA OW X6 730CC TERMO,6,2026-10-10,ACCIONAR,109.3333333333,1,20
Madryn,8067,H2OH LIMONETO  X8 PET2250,8,2026-10-14,ACCIONAR,54.625,1,24
Madryn,31206,ANDES ORIGEN RUBIA 2.0 CAN 4X4 710CC,16,2026-10-25,ACCIONAR,298.125,1,35
Madryn,46587,GATORADE NS FRESA KIWI PET X6 40,6,2026-10-26,ACCIONAR,217,1,36
Madryn,16667,ANDES ORIGEN ROJA RET X12 1000,12,2026-10-31,ACCIONAR,100,1,41
Madryn,31073,PDT TONICA CAN 4X6 269CC 169 BULTOS,24,2026-11-02,ACCIONAR,165.3333333333,1,43
Madryn,31074,PDT POMELO CAN 4X6 269CC 169 BULTOS,24,2026-11-02,ACCIONAR,135.2916666667,1,43
Madryn,31354,ANDES ORIGEN RUBIA ORO CAN 4X6 473CC,24,2026-11-10,ACCIONAR,77.4583333333,1,48
Madryn,25978,GATORADE NARANJA PET X6 1250CC,6,2026-11-11,ACCIONAR,22,1,52
Madryn,30477,MIRINDA NAR CAN 130 BUL/PAL 4X6 354CC,24,2026-11-11,ACCIONAR,124.4166666667,1,52
Madryn,31600,H2OH STILL POMELO PET X8 2000CC,8,2026-11-14,ACCIONAR,52,1,55
Madryn,16225,PATAGONIA AMBER CAN 4X6 473 CART,24,2026-11-24,ACCIONAR,117.25,1,65
Madryn,7465,H2OH CITRUS  X6 PET1500#,6,2026-11-26,ACCIONAR,118,1,67
Madryn,32489,H2OH S/GAS NARANJA PET X6 500CC,6,2026-11-30,ACCIONAR,207,1,71
Madryn,28691,BUDWEISER CAN 4X4 710CC,16,2026-12-06,ACCIONAR,384,2,77
Madryn,30840,H2OH STILL MANZANA PET X6 1.500L 96 BUL,6,2026-12-06,ACCIONAR,192,2,77
Madryn,30842,H2OH STILL POMELO PET X6 1.500L 96 BUL,6,2026-12-11,ACCIONAR,192,2,82
Madryn,28263,QUILMES IPA CAN 4X6 473CC,24,2027-01-09,ACCIONAR,370.8333333333,1,111
Madryn,29815,H2OH STILL LIMON PET X6 500CC,6,2027-01-09,ACCIONAR,336,2,111
Madryn,1413,GATORADE NARANJA * X6 PET 500,6,2027-02-06,ACCIONAR,315,2,139
Madryn,31357,PATAGONIA LAGER DEL SUR CAN 4X6 473CC,24,2027-02-13,ACCIONAR,43.25,1,146
Madryn,32261,3P-LECHE UAT P.DESCREM ANGELITA X12 1L,12,2027-04-13,ACCIONAR,15,1,197
Madryn,58089,RB ZERO CAN 6X4 250CC,24,2027-04-15,ACCIONAR,70,1,207
Madryn,25978,GATORADE NARANJA PET X6 1250CC,6,2027-04-23,ACCIONAR,220,2,215
Madryn,44489,STELLA ARTOIS 0.0 SY CAN 4X6 473CC CART,24,2026-10-12,OK,29,1,22
Madryn,44489,STELLA ARTOIS 0.0 SY CAN 4X6 473CC CART,24,2026-10-13,OK,30,2,23
Madryn,31601,H2OH STILL LIMON PET X8 2000CC,8,2026-10-15,OK,60,1,25
Madryn,28691,BUDWEISER CAN 4X4 710CC,16,2026-10-20,OK,29.5,1,30
Madryn,29649,STELLA ARTOIS CAN 4X4 710CC,16,2026-10-20,OK,58.625,1,30
Madryn,30974,7UP PET X6 500CC NF 2024,6,2026-10-20,OK,134.8333333333,1,30
Madryn,7463,H2OH LIMONETO  X6 PET1500#,6,2026-10-22,OK,19,1,32
Madryn,30840,H2OH STILL MANZANA PET X6 1.500L 96 BUL,6,2026-10-25,OK,22,1,35
Madryn,46729,GATORADE NS MORAS PET X6 400CC,6,2026-10-25,OK,251,1,35
Madryn,30974,7UP PET X6 500CC NF 2024,6,2026-10-29,OK,336,2,39
Madryn,30663,PEPSI 70KCAL PET X6 500CC,6,2026-10-30,OK,368.1666666667,1,40
Madryn,16667,ANDES ORIGEN ROJA RET X12 1000,12,2026-11-01,OK,0.6666666667,2,42
Madryn,24118,ROCKSTAR OW BOT X6 500CC,6,2026-11-02,OK,196.6666666667,1,43
Madryn,24925,STELLA ARTOIS KEG RET 20L,1,2026-11-04,OK,17,1,45
Madryn,25645,PDT POM PET X6 500CC,6,2026-11-05,OK,200,1,46
Madryn,8101,MIRINDA NARANJA * X6 PET3000#,6,2026-11-07,OK,75.8333333333,1,48
Madryn,30478,7UP FREE CAN 130 BUL/PAL 4X6 354CC,24,2026-11-10,OK,24.2083333333,1,51
Madryn,30644,PEPSI 70KCAL PET X6 1500CC,6,2026-11-11,OK,19,1,56
Madryn,30843,H2OH STILL LIMON PET X6 1.500L 96 BUL,6,2026-11-13,OK,11,1,54
Madryn,30972,7UP PET X6 1500CC NF 2024,6,2026-11-13,OK,87,1,58
Madryn,31215,QUILMES 0.0 2.0 CAN 4X6 473CC,24,2026-11-14,OK,224.5,1,55
Madryn,31602,H2OH STILL MANZANA PET X8 2000CC,8,2026-11-15,OK,22.5,1,56
Madryn,47489,7UP PET X8 2000CC,8,2026-11-18,OK,59.875,1,63
Madryn,18354,PATAGONIA IPA OW X6 730,6,2026-11-19,OK,138,1,60
Madryn,28846,QUILMES IPA RET X12 1000CC,12,2026-11-19,OK,66,1,60
Madryn,30978,7UP FREE PET X6 1500CC 2024,6,2026-11-19,OK,154,1,60
Madryn,47489,7UP PET X8 2000CC,8,2026-11-19,OK,86.375,2,64
Madryn,30790,PEPSI BLACK PET X6 1.500CC 2024,6,2026-11-20,OK,11,1,61
Madryn,19254,ANDES ORIGEN IPA CAN 4X6 473,24,2026-11-23,OK,101.9583333333,1,64
Madryn,1413,GATORADE NARANJA * X6 PET 500,6,2026-11-24,OK,10.8333333333,1,65
Madryn,1659,H2OH CITRUS  X8 PET2250,8,2026-11-24,OK,60,1,65
Madryn,31215,QUILMES 0.0 2.0 CAN 4X6 473CC,24,2026-11-24,OK,0.7916666667,2,65
Madryn,30645,PEPSI 70KCAL PET X8 2000CC,8,2026-11-25,OK,349.875,1,70
Madryn,30645,PEPSI 70KCAL PET X8 2000CC,8,2026-11-26,OK,43.375,2,71
Madryn,24116,PDTOROS PET POM SIN AZUCARES X6 1500CC,6,2026-11-27,OK,11,1,68
Madryn,47489,7UP PET X8 2000CC,8,2026-11-27,OK,600,3,72
Madryn,30842,H2OH STILL POMELO PET X6 1.500L 96 BUL,6,2026-11-28,OK,9,1,69
Madryn,47707,STELLA ARTOIS PURE GOLD OW 4X6 330CC IMP,24,2026-11-28,OK,7.7916666667,1,69
Madryn,29815,H2OH STILL LIMON PET X6 500CC,6,2026-11-29,OK,83,1,70
Madryn,47627,MICHELOB ULTRA OW 4X6 275CC EXP,24,2026-11-29,OK,2.4166666667,1,70
Madryn,47627,MICHELOB ULTRA OW 4X6 275CC EXP,24,2026-11-30,OK,26,2,71
Madryn,25194,MIRINDA NARANJA PET X6 500CC,6,2026-12-03,OK,336,2,74
Madryn,627,MIRINDA NARANJA * X8 PET2250,8,2026-12-08,OK,182.75,1,79
Madryn,30644,PEPSI 70KCAL PET X6 1500CC,6,2026-12-08,OK,240,2,83
Madryn,30647,PEPSI 70KCAL PET X6 3000CC,6,2026-12-09,OK,593.3333333333,1,84
Madryn,22619,MIRINDA POMELO PET X8 2250CC,8,2026-12-10,OK,135,1,81
Madryn,30970,7UP PET X6 3000CC NF 2024,6,2026-12-12,OK,567.6666666667,1,87
Madryn,30977,7UP FREE PET X8 2250CC 2024,8,2026-12-12,OK,54.375,1,83
Madryn,13950,PEPSI PET X8 2250 BLACK,8,2026-12-13,OK,71,1,84
Madryn,32492,H2OH S/GAS NARANJA PET X6 1500CC,6,2026-12-13,OK,56,1,84
Madryn,19253,ANDES ORIGEN IPA RET X12 1000,12,2026-12-15,OK,262,1,86
Madryn,25980,GATORADE FRUTAS PET X6 1250CC,6,2026-12-20,OK,6,1,91
Madryn,30481,SEVEN-UP NF CAN 130 BUL/PAL 4X6 354CC,24,2026-12-20,OK,26.125,1,91
Madryn,30645,PEPSI 70KCAL PET X8 2000CC,8,2026-12-23,OK,600,3,98
Madryn,19026,BUD CAN 4X6 473 CMQ,24,2026-12-25,OK,30.0833333333,1,96
Madryn,7476,PASO DLT TONICA * X6 PET1500#,6,2026-12-27,OK,18.1666666667,1,98
Madryn,11522,GATORADE FRU TRO * X6 PET 500#,6,2026-12-27,OK,7.8333333333,1,98
Madryn,30977,7UP FREE PET X8 2250CC 2024,8,2026-12-27,OK,180,2,98
Madryn,30648,PEPSI 70KCAL 4X6 354CC,24,2026-12-28,OK,176.3333333333,1,99
Madryn,7475,PASO DLT POMELO * X6 PET1500#,6,2026-12-29,OK,135,1,100
Madryn,13950,PEPSI PET X8 2250 BLACK,8,2026-12-29,OK,180,2,100
Madryn,1416,GATORADE MANZANA * X6 PET 500,6,2027-01-01,OK,126,1,103
Madryn,7634,BRAHMA - 4X6 LAT 473,24,2027-01-01,OK,821.125,1,107
Madryn,31204,ANDES ORIGEN RUBIA 2.0 RET X12 1000CC,12,2027-01-01,OK,300,2,103
Madryn,1422,GATORADE UVA * X6 PET 500,6,2027-01-04,OK,37.8333333333,1,106
Madryn,25059,PATAGONIA VERA IPA OW X6 730CC,6,2027-01-04,OK,78,1,103
Madryn,30481,SEVEN-UP NF CAN 130 BUL/PAL 4X6 354CC,24,2027-01-04,OK,260,2,106
Madryn,24929,STELLA ARTOIS PM OW 4X6 330CC,24,2027-01-05,OK,48.1666666667,1,107
Madryn,29814,H2OH STILL MANZANA PET X6 500CC,6,2027-01-07,OK,321,1,109
Madryn,29816,H2OH STILL POMELO PET X6 500CC,6,2027-01-07,OK,336,2,109
Madryn,24248,STELLA ARTOIS OW X6 710CC,6,2027-01-14,OK,17,1,116
Madryn,25981,GATORADE COOL BLUE PET X6 1250CC,6,2027-01-17,OK,26.6666666667,1,119
Madryn,31557,MICHELOB ULTRA GLUT FREE CAN 4X6 473CC,24,2027-01-18,OK,13.875,1,120
Madryn,10810,MIRINDA MANZANA * X6 PET3000,6,2027-01-19,OK,71.8333333333,1,121
Madryn,31365,PATAGONIA LAGER DEL SUR OW X6 730CC,6,2027-01-19,OK,78,1,121
Madryn,591,MIRINDA MANZANA * X8 PET2250,8,2027-01-20,OK,50.5,1,122
Madryn,20987,PATAGONIA VERA IPA EURO KEG 20L,1,2027-01-21,OK,1,1,123
Madryn,15621,PATAGONIA IPA CAN 4X6 473 CART,24,2027-01-23,OK,100,1,125
Madryn,25979,GATORADE APPLE PET X6 1250CC,6,2027-01-23,OK,28,1,125
Madryn,7476,PASO DLT TONICA * X6 PET1500#,6,2027-01-25,OK,240,2,127
Madryn,19253,ANDES ORIGEN IPA RET X12 1000,12,2027-01-25,OK,50,2,127
Madryn,29649,STELLA ARTOIS CAN 4X4 710CC,16,2027-01-26,OK,192,2,128
Madryn,7475,PASO DLT POMELO * X6 PET1500#,6,2027-01-27,OK,240,2,129
Madryn,17933,ANDES ORIGEN NEGRA CAN 4X6 473,24,2027-01-27,OK,43.7916666667,1,129
Madryn,51290,QUILMES 1890 CAN 4X4 710CC,16,2027-01-28,OK,142.5,1,130
Madryn,29799,RED BULL FRUTA DEL DRAGON CAN 6X4 250CC,24,2027-01-29,OK,32.5,1,131
Madryn,14624,GATORADE COOL BLUE PET X6 750 204,6,2027-01-31,OK,247.5,1,133
Madryn,24248,STELLA ARTOIS OW X6 710CC,6,2027-01-31,OK,280,2,133
Madryn,12723,PATAGONIA SLIMKEG 0 20 L IPA CON SAUCO,1,2027-02-01,OK,3,2,134
Madryn,14638,GATORADE FRUTAS TROP PET X6 750 204,6,2027-02-01,OK,70,1,134
Madryn,31557,MICHELOB ULTRA GLUT FREE CAN 4X6 473CC,24,2027-02-01,OK,200,2,134
Madryn,14638,GATORADE FRUTAS TROP PET X6 750 204,6,2027-02-02,OK,59,2,135
Madryn,47488,PDT POMELO PET X8 2000CC,8,2027-02-04,OK,119.125,1,137
Madryn,15621,PATAGONIA IPA CAN 4X6 473 CART,24,2027-02-06,OK,100,2,139
Madryn,24878,STELLA ARTOIS PM CAN 4X6 473CC CART,24,2027-02-06,OK,65.7083333333,1,139
Madryn,49807,STELLA PURE GOLD CAN 4X6 473CC T,24,2027-02-06,OK,21.7083333333,1,139
Madryn,20808,PATAGONIA VERA IPA CAN 4X6 CART,24,2027-02-09,OK,100,1,142
Madryn,31205,ANDES ORIGEN RUBIA 2.0 CAN 4X6 473CC,24,2027-02-11,OK,69.5416666667,1,144
Madryn,1422,GATORADE UVA * X6 PET 500,6,2027-02-13,OK,315,2,146
Madryn,11522,GATORADE FRU TRO * X6 PET 500#,6,2027-02-14,OK,630,2,147
Madryn,7476,PASO DLT TONICA * X6 PET1500#,6,2027-02-15,OK,480,3,148
Madryn,14934,ECO DE LOS ANDES CG PET X12 500 MIX 203,12,2027-02-15,OK,134,1,148
Madryn,14934,ECO DE LOS ANDES CG PET X12 500 MIX 203,12,2027-02-16,OK,406,2,149
Madryn,32495,QUILMES BAJO CERO CAN 4X6 473CC TT,24,2027-02-16,OK,1.4583333333,1,149
Madryn,19254,ANDES ORIGEN IPA CAN 4X6 473,24,2027-02-18,OK,100,2,151
Madryn,19019,BUD RET X12 1000 CMQ,12,2027-02-20,OK,30.75,1,153
Madryn,25979,GATORADE APPLE PET X6 1250CC,6,2027-02-22,OK,14,2,155
Madryn,24925,STELLA ARTOIS KEG RET 20L,1,2027-02-25,OK,52,2,158
Madryn,24878,STELLA ARTOIS PM CAN 4X6 473CC CART,24,2027-03-05,OK,200,2,166
Madryn,17932,ANDES ORIGEN ROJA CAN 4X6 473,24,2027-03-12,OK,216.125,1,173
Madryn,29743,QUILMES 1890 CAN X24 473CC SMK,24,2027-03-12,OK,696.375,1,177
Madryn,29740,QUILMES 1890 RET X12 1L SMK,12,2027-03-13,OK,2075.0833333333,1,178
Madryn,7634,BRAHMA - 4X6 LAT 473,24,2027-03-14,OK,271.5,2,179
Madryn,30551,CORONA CAN 4X6 473CC AR,24,2027-03-20,OK,18.9583333333,1,181
Madryn,30551,CORONA CAN 4X6 473CC AR,24,2027-03-23,OK,100,2,184
Madryn,29740,QUILMES 1890 RET X12 1L SMK,12,2027-03-24,OK,98.25,2,189
Madryn,31242,QUILMES CLASICA CAN 4X4 710CC,16,2027-03-25,OK,535.8125,1,186
Madryn,19019,BUD RET X12 1000 CMQ,12,2027-03-27,OK,100,2,188
Madryn,10969,PATAGO AMBER - X1 BAR 20L,1,2027-03-29,OK,36,2,190
Madryn,24598,CORONA 4X6 OW 330CC PROMO,24,2027-03-31,OK,45.0416666667,1,192
Madryn,2218,QUILMES - 4X6 LAT 473,24,2027-04-03,OK,449.375,1,199
Madryn,14625,GATORADE MANZANA PET X6 750 204,6,2027-04-04,OK,160.6666666667,1,196
Madryn,24880,STELLA ARTOIS PM RET X12 975CC,12,2027-04-05,OK,221,1,201
Madryn,2218,QUILMES - 4X6 LAT 473,24,2027-04-07,OK,800,2,203
Madryn,31242,QUILMES CLASICA CAN 4X4 710CC,16,2027-04-08,OK,576,2,200
Madryn,7026,QUILMES - X12 1000RET,12,2027-04-09,OK,264,1,205
Madryn,7038,BRAHMA - X12 1000RET#,12,2027-04-09,OK,879.1666666667,1,205
Madryn,7026,QUILMES - X12 1000RET,12,2027-04-10,OK,1408,2,206
Madryn,12723,PATAGONIA SLIMKEG 0 20 L IPA CON SAUCO,1,2027-04-10,OK,40,3,202
Madryn,31434,BRAHMA CAN 4X4 710CC,16,2027-04-11,OK,180.4375,1,203
Madryn,32259,3P-LECHE PARC DESCREM APOSTOLES X12 1L,12,2027-04-12,OK,14,1,196
Madryn,31434,BRAHMA CAN 4X4 710CC,16,2027-04-16,OK,384,2,208
Madryn,29743,QUILMES 1890 CAN X24 473CC SMK,24,2027-04-17,OK,1600,2,213
Madryn,25980,GATORADE FRUTAS PET X6 1250CC,6,2027-04-18,OK,43,2,210
Madryn,25981,GATORADE COOL BLUE PET X6 1250CC,6,2027-04-19,OK,220,2,211
Madryn,25979,GATORADE APPLE PET X6 1250CC,6,2027-04-20,OK,220,3,212
Madryn,16372,RED BULL SUGAR FREE CAN 6X4 250,24,2027-04-21,OK,6.0833333333,1,213
Madryn,32260,3P-LECHE CLASICA LIVIANA ANGELITA X12 1L,12,2027-04-21,OK,139,1,213
Madryn,34752,CORONA 0.0 CAN 4X6 473CC CART,24,2027-04-22,OK,60.25,1,214
Madryn,7038,BRAHMA - X12 1000RET#,12,2027-04-24,OK,400,2,220
Madryn,51290,QUILMES 1890 CAN 4X4 710CC,16,2027-04-27,OK,576,2,219
Madryn,32193,CORONA 0.0 OW 6X4 330CC CLUSTER 4PACK,24,2027-04-30,OK,120.8333333333,1,222
Madryn,24598,CORONA 4X6 OW 330CC PROMO,24,2027-05-09,OK,168,2,231
Madryn,34752,CORONA 0.0 CAN 4X6 473CC CART,24,2027-05-11,OK,0.1666666667,2,233
Madryn,13503,QUILMES STOUT CAN 4X6 473,24,2027-05-16,OK,164.0416666667,1,238
Madryn,18355,PATAGONIA AMBER OW X6 730,6,2027-05-16,OK,168,1,238
Madryn,32710,RED BULL SUMMER EDITION CAN 6X4,24,2027-05-28,OK,36.6666666667,1,250
Madryn,32293,GLACIAR SG PET X12 500CC 208 PACKS,12,2027-06-03,OK,1.0833333333,1,256
Madryn,7030,QUILMES STOUT NEGRA X12 1000RET,12,2027-06-05,OK,348.25,1,258
Madryn,8064,GLACIAR AGUAS/G * X6 PET1500#,6,2027-06-10,OK,259,1,263
Madryn,16372,RED BULL SUGAR FREE CAN 6X4 250,24,2027-06-15,OK,60,2,268
Madryn,20433,CORONA OW X12 710,12,2027-06-17,OK,995.8333333333,1,270
Madryn,32193,CORONA 0.0 OW 6X4 330CC CLUSTER 4PACK,24,2027-06-20,OK,56.125,2,273
Madryn,21014,ECO DE LOS ANDES SG PET X6 2000 PR 115 P,6,2027-07-01,OK,163,1,284
Madryn,16371,RED BULL CAN 6X4 250,24,2027-07-05,OK,20.6666666667,1,288
Madryn,2439,ECO ANDES AGUAS/G * X6 PET1500#,6,2027-07-06,OK,90.8333333333,1,289
Madryn,14933,ECO DE LOS ANDES SG PET X12 500 MIX 203,12,2027-07-06,OK,26.9166666667,1,289
Madryn,8064,GLACIAR AGUAS/G * X6 PET1500#,6,2027-07-14,OK,19.5,2,297
Madryn,18743,NPV SG PET X6 1500 PR 1.5L S/G,6,2027-07-16,OK,91,1,299
Madryn,22318,ECO DE LOS ANDES SG PET X6 1000 - 192 PC,6,2027-07-21,OK,127,1,304
Madryn,18744,NPV SG PET X6 2250 PR 2.25L S/G,6,2027-07-28,OK,45.1666666667,1,311
Madryn,2439,ECO ANDES AGUAS/G * X6 PET1500#,6,2027-07-29,OK,280,2,312
Madryn,18743,NPV SG PET X6 1500 PR 1.5L S/G,6,2027-07-30,OK,47.8333333333,2,313
Madryn,8126,NESTLE PV AGUA ME * X12 PET 500,12,2027-07-31,OK,0.75,1,314
Madryn,14933,ECO DE LOS ANDES SG PET X12 500 MIX 203,12,2027-08-01,OK,1015,2,315
Madryn,14933,ECO DE LOS ANDES SG PET X12 500 MIX 203,12,2027-08-03,OK,96.8333333333,3,317
Madryn,18694,NPV SG PET X12 500 PR 0.5L S/G,12,2027-08-03,OK,394,1,314
Madryn,32707,GLACIAR PET X2 6.400CC,2,2027-08-05,OK,409,1,319
Madryn,32293,GLACIAR SG PET X12 500CC 208 PACKS,12,2027-08-06,OK,260,2,320
Madryn,32537,GLACIAR PET X6 2L,6,2027-08-07,OK,213,1,321
Madryn,32191,"NESTLE PUREZA VITAL PET X2 6,4L",2,2027-08-10,OK,448,1,324
Madryn,32191,"NESTLE PUREZA VITAL PET X2 6,4L",2,2027-08-11,OK,0.5,2,325
Madryn,22185,GLACIAR SG PET X6 750 222 PC,6,2027-08-19,OK,425.5,1,333
Madryn,32537,GLACIAR PET X6 2L,6,2027-08-25,OK,115,2,339
Madryn,16371,RED BULL CAN 6X4 250,24,2027-10-23,OK,9,2,398
Madryn,16371,RED BULL CAN 6X4 250,24,2027-11-28,OK,165,3,434
Madryn,22256,RED BULL REGULAR CAN 6X4 355CC,24,2028-03-03,OK,83.6666666667,1,530
Madryn,32263,3P - YERBA C/P PLAYADITO X5 1KG,5,2028-04-22,OK,0.2,1,580
Madryn,32262,3P-YERBA C/P PLAYADITO X10 500GR,10,2028-04-23,OK,0.8,1,581
Madryn,28392,VINO MANDAMAS X12 1LT,12,2028-05-18,OK,5,1,606
Madryn,25194,MIRINDA NARANJA PET X6 500CC,6,2026-09-09,ELIMINAR,4,1,BLOQUEADO
Madryn,31204,ANDES ORIGEN RUBIA 2.0 RET X12 1000CC,12,2026-09-19,ELIMINAR,30.3333333333,1,BLOQUEADO
